Master Date List,Bin 1 Flow Data (gpm),,,Bin 1 Constituent Data,,,,,,,,,,,,,,,,,,,Bin 1 Field Data,,,,,,,,
,,,,,,,,,,,,,,,,,,,,,,,,,,,,,,,
,Date,Inflow,Outflow,Date,Bin 1 TDS,Bin 1 Sulfate,Bin 1 Chloride,Bin 1 Arsenic,Bin 1 Selenium,Bin 1 Chromium,Bin 1 Copper,Bin 1 Zinc,Bin 1 Nitrate,Bin 1 Nitrite,Bin 1 Phosphorus,Bin 1 COD,Bin 1 Boron,Bin 1 Color,Bin 1 Thallium,Bin 1 DOC,Bin 1 Nitrate + Nitrite as N,Bin 1 Sulfide,Date,Bin 1 Conductivity S/m,Bin 1 Conductivity µS/cm,Bin 1 DO mg/L,Bin 1 ORP,Bin 1 pH,Bin 1 Temp. Celsius,Bin 1 H2S mg/L,
10/20/10,10/20/10,0.52,0.3984375,,,,,,,,,,,,,,,,,,,,,,,,,,,,
10/21/10,10/21/10,0.29,0.1875,,,,,,,,,,,,,,,,,,,,,,,,,,,,
11/1/10,11/1/10,0.21,0.109375,,,,,,,,,,,,,,,,,,,,,,,,,,,,
11/2/10,11/2/10,0.21,0.09375,,,,,,,,,,,,,,,,,,,,,,,,,,,,
11/4/10,11/4/10,0.21,0.09375,,,,,,,,,,,,,,,,,,,,,,,,,,,,
11/8/10,11/8/10,0.21,0.109375,,,,,,,,,,,,,,,,,,,,,,,,,,,,
11/9/10,11/9/10,0.34,0.234375,,,,,,,,,,,,,,,,,,,,,,,,,,,,
11/10/10,11/10/10,0.33,0.234375,,,,,,,,,,,,,,,,,,,,,,,,,,,,
11/15/10,11/15/10,0.33,0.2421875,,,,,,,,,,,,,,,,,,,,,,,,,,,,
11/16/10,11/16/10,0.23,0.140625,,,,,,,,,,,,,,,,,,,,,,,,,,,,
11/17/10,11/17/10,0.23,0.1484375,,,,,,,,,,,,,,,,,,,,,,,,,,,,
11/19/10,11/19/10,0.22,0.140625,,,,,,,,,,,,,,,,,,,,,,,,,,,,
11/22/10,,,,,,,,,,,,,,,,,,,,,,,,,,,,,,,
11/23/10,11/23/10,0.23,0.1328125,,,,,,,,,,,,,,,,,,,,,,,,,,,,
11/24/10,11/24/10,0.24,0.153125,,,,,,,,,,,,,,,,,,,,,,,,,,,,
11/29/10,11/29/10,0.23,0.1484375,,,,,,,,,,,,,,,,,,,,,,,,,,,,
12/1/10,12/1/10,0.23,0.15625,,,,,,,,,,,,,,,,,,,,,,,,,,,,
12/2/10,12/2/10,0.23,0.159375,,,,,,,,,,,,,,,,,,,,,,,,,,,,
12/6/10,12/6/10,0.23,0.1640625,,,,,,,,,,,,,,,,,,,,,,,,,,,,
12/8/10,12/8/10,0.23,0.1640625,,,,,,,,,,,,,,,,,,,,,,,,,,,,
12/14/10,12/14/10,0.28,0.2265625,12/14/10,7840,1960,2570,0.0254,0.0255,0.025,0.05,0.3,58,0.2,,190,,,,,,,12/14/10,,9356,,35,7.27,20.5,,
12/21/10,12/21/10,0.28,0.203125,,,,,,,,,,,,,,,,,,,,,,,,,,,,
12/23/10,12/23/10,0.23,0.171875,,,,,,,,,,,,,,,,,,,,,,,,,,,,
1/5/11,1/5/11,0.23,0.19375,,,,,,,,,,,,,,,,,,,,1/5/11,,9186,,205,7.37,14.8,,
1/6/11,1/6/11,0.23,0.1875,,,,,,,,,,,,,,,,,,,,,,,,,,,,
1/10/11,1/10/11,0.23,0.1875,,,,,,,,,,,,,,,,,,,,,,,,,,,,
1/12/11,1/12/11,0.23,0.19375,,,,,,,,,,,,,,,,,,,,,,,,,,,,
1/13/11,1/13/11,0.24,0.2015625,,,,,,,,,,,,,,,,,,,,1/13/11,,9841,,200,7.3,23,,
1/20/11,1/20/11,0.23,0.2,1/20/11,7770,2020,2610,0.0278,0.0337,0.005,0.01,0.06,61,0.1,0.063,130,,,,,,,1/20/11,,9262,,183,7.33,18.1,,
1/21/11,1/21/11,0.23,0.1875,,,,,,,,,,,,,,,,,,,,,,,,,,,,
1/24/11,1/24/11,0.23,0.19375,,,,,,,,,,,,,,,,,,,,1/24/11,,9143,,188,7.3,17.8,,
1/25/11,1/25/11,0.1,0.0625,,,,,,,,,,,,,,,,,,,,,,,,,,,,
1/26/11,1/26/11,0.1,0.071875,,,,,,,,,,,,,,,,,,,,,,,,,,,,
1/28/11,1/28/11,0.1,0.078125,,,,,,,,,,,,,,,,,,,,,,,,,,,,
2/1/11,2/1/11,0.1,0.0625,,,,,,,,,,,,,,,,,,,,,,,,,,,,
2/2/11,2/2/11,0.1,0.0625,,,,,,,,,,,,,,,,,,,,,,,,,,,,
2/4/11,2/4/11,0.1,0.0734375,,,,,,,,,,,,,,,,,,,,2/4/11,,8976,,221,7.32,19,,
2/9/11,2/9/11,0.1,0.0671875,,,,,,,,,,,,,,,,,,,,,,,,,,,,
2/11/11,2/11/11,0.1,0.075,,,,,,,,,,,,,,,,,,,,2/11/11,,8705,,181,7.49,19.4,,
2/14/11,2/14/11,0.1,,,,,,,,,,,,,,,,,,,,,,,,,,,,,
2/22/11,2/22/11,0.1,0.0734375,,,,,,,,,,,,,,,,,,,,2/22/11,,8640,,194,7.3,18.8,,
3/2/11,3/2/11,0.14,0.0828125,3/2/11,7190,1720,2460,0.0247,0.0208,0.005,0.01,0.06,54,0.1,0.05,280,,,,,,,3/2/11,,8556,3.63,187,7.29,18.7,,
3/9/11,3/9/11,0.1,0.040625,,,,,,,,,,,,,,,,,,,,3/9/11,,8853,2.94,-80,7.26,16.8,,
3/11/11,3/11/11,0.21,,,,,,,,,,,,,,,,,,,,,3/11/11,,8336,4.44,185,7.24,27,,
3/18/11,3/18/11,0.18,0.121875,,,,,,,,,,,,,,,,,,,,3/18/11,,8363,4.62,158,7.33,26.3,,
3/25/11,3/25/11,0.23,0.15625,,,,,,,,,,,,,,,,,,,,3/25/11,,8313,5.75,161,7.29,21.9,,
4/3/11,,,,4/3/11,6990,,,0.0306,0.0297,0.005,0.01,0.06,,,0.049,,,,,,,,,,,,,,,,
4/8/11,4/8/11,0.22,0.1484375,,,,,,,,,,,,,,,,,,,,4/8/11,,8340,,175,7.34,22.2,,
4/20/11,4/20/11,0.21,0.2109375,,,,,,,,,,,,,,,,,,,,4/20/11,,10780,3.26,179,7.27,26.4,,
5/2/11,5/2/11,0.23,0.18828125,,,,,,,,,,,,,,,,,,,,5/2/11,,10690,2.81,153,7.38,20.5,,
5/5/11,,,,5/5/11,9290,2480,3090,0.0234,0.0451,0.005,,,63,0.1,0.035,450,,,,,,,,,,,,,,,
5/9/11,5/9/11,0.23,0.18359375,,,,,,,,,,,,,,,,,,,,5/9/11,,11480,3.38,176,7.31,22.7,,
5/16/11,5/16/11,0.23,0.178125,,,,,,,,,,,,,,,,,,,,5/16/11,,10950,2.06,-93,7.22,26.6,,
5/20/11,5/20/11,0.23,0.1734375,,,,,,,,,,,,,,,,,,,,5/20/11,,10920,2.45,-54,7.27,24.6,,
5/27/11,5/27/11,0.23,0.440625,5/27/11,,,,0.0219,0.0289,,,,60,,,,,,,,,,5/27/11,,11690,4.43,156,7.09,26.4,,
6/3/11,6/3/11,0.23,0.1734375,,,,,,,,,,,,,,,,,,,,6/3/11,,10870,2.2,-92,7.29,26.8,,
6/8/11,6/8/11,0.23,0.1734375,,,,,,,,,,,,,,,,,,,,,,,,,,,,
6/10/11,,,,,,,,,,,,,,,,,,,,,,,6/10/11,,10039,3,0.79,7.26,28.6,,
6/17/11,6/17/11,0.1,0.05,,,,,,,,,,,,,,,,,,,,6/17/11,,9928,4.46,24,7.36,31.3,,
6/24/11,6/24/11,0.23,0.2,6/24/11,8610,,,0.0244,0.0293,0.005,,,,,0.049,,,,,,,,6/24/11,,10190,1.98,-17,7.29,30.4,,
7/1/11,7/1/11,0.22,0.1796875,,,,,,,,,,,,,,,,,,,,7/1/11,,9976,1.96,-137,7.3,31.6,,
7/8/11,7/8/11,0.23,0.18125,,,,,,,,,,,,,,,,,,,,7/8/11,,10200,2.24,-106,7.28,32.2,,
7/15/11,7/15/11,0.23,0.20234375,,,,,,,,,,,,,,,,,,,,7/15/11,,10240,2.06,-215,7.22,31,,
7/22/11,7/22/11,0.23,0.20234375,7/22/11,8660,2090,2800,0.0276,0.034,0.005,,,54,,0.02,96,,,,,,,7/22/11,,10340,2.08,142,7.32,32.1,,
7/25/11,7/25/11,0.23,0.22890625,,,,,,,,,,,,,,,,,,,,,,,,,,,,
7/27/11,7/27/11,0.23,0.19140625,,,,,,,,,,,,,,,,,,,,,,,,,,,,
7/29/11,7/29/11,0.23,0.2078125,,,,,,,,,,,,,,,,,,,,7/29/11,,9715,2.81,41,7.5,31.3,,
8/1/11,8/1/11,0.23,0.215625,,,,,,,,,,,,,,,,,,,,,,,,,,,,
8/3/11,8/3/11,0.23,0.20625,,,,,,,,,,,,,,,,,,,,,,,,,,,,
8/5/11,8/5/11,0.22,0.20625,,,,,,,,,,,,,,,,,,,,8/5/11,,9746,2.98,-16,7.42,33.9,,
8/8/11,8/8/11,0.23,0.2109375,,,,,,,,,,,,,,,,,,,,,,,,,,,,
8/10/11,8/10/11,0.23,0.2109375,,,,,,,,,,,,,,,,,,,,8/10/11,,9675,2.52,-84,7.36,33.2,,
8/18/11,8/18/11,0.22,0.20078125,,,,,,,,,,,,,,,,,,,,8/18/11,,9771,2.39,-77,7.3,34.6,,
8/26/11,8/26/11,0.23,0.20546875,8/26/11,8570,2040,2740,0.0241,0.0178,0.005,,,53,,0.1,160,,,,,,,8/26/11,,9717,2.49,-125,7.36,33.9,,
9/2/11,9/2/11,0.23,0.21796875,,,,,,,,,,,,,,,,,,,,9/2/11,,9789,3.53,164,7.27,32.7,,
9/9/11,9/9/11,0.23,0.2265625,,,,,,,,,,,,,,,,,,,,9/9/11,,9690,2.97,-203,7.4,29.7,,
9/9/11,9/9/11,0.23,0.203125,9/9/11,,,,0.0252,0.0177,,,,53,,,,,,,,,,,,,,,,,,
9/16/11,9/16/11,0.23,0.2046875,,,,,,,,,,,,,,,,,,,,9/16/11,,9545,3.15,-228,7.2,30.6,,
9/22/11,9/22/11,0.23,0.2015625,,,,,,,,,,,,,,,,,,,,9/22/11,,9299,4.36,-243,7.3,30.3,,
9/23/11,,,,9/23/11,7900,1860,2550,0.0265,0.0179,0.005,,,53,,0.1,91,,,,,,,,,,,,,,,
9/29/11,9/29/11,0.23,0.19375,,,,,,,,,,,,,,,,,,,,9/29/11,,9438,2.77,-139,7.37,29.6,,
10/6/11,10/6/11,0.19,0.1875,,,,,,,,,,,,,,,,,,,,10/6/11,,9772,2.84,-204,7.32,25.8,,
10/7/11,10/7/11,0.23,0.23046875,,,,,,,,,,,,,,,,,,,,,,,,,,,,
10/13/11,10/13/11,0.23,0.209375,,,,,,,,,,,,,,,,,,,,10/13/11,,9645,2.64,-229,7.24,27,,
10/14/11,,,,10/14/11,,,,0.0237,0.0183,,,,56,,,,,,,,,,,,,,,,,,
10/20/11,10/20/11,0.23,0.21171875,,,,,,,,,,,,,,,,,,,,10/20/11,,9796,3.39,-233,7.18,27.3,,
10/25/11,10/25/11,0.23,0.21875,,,,,,,,,,,,,,,,,,,,10/25/11,,9690,3.39,-238,7.12,26.9,,
10/28/11,,,,10/28/11,7980,1990,2620,0.0248,0.019,0.005,,,57,,,84,,,,,,,,,,,,,,,
11/1/11,11/1/11,0.26,0.225,,,,,,,,,,,,,,,,,,,,11/1/11,,9502,2.67,-201,7.3,24.9,,
11/8/11,11/8/11,0.25,0.24375,,,,,,,,,,,,,,,,,,,,11/8/11,,9796,3.14,-224,7.27,20,,
11/17/11,11/17/11,0.24,0.2390625,,,,,,,,,,,,,,,,,,,,11/17/11,,9390,2.12,-225,7.3,22,,
11/18/11,,,,11/18/11,7960,1970,2590,0.0272,0.02,,,,57,,0.1,270,,,,,,,,,,,,,,,
11/22/11,11/22/11,0.23,0.2375,,,,,,,,,,,,,,,,,,,,11/22/11,,9692,2.45,-216,7.33,21.1,,
11/29/11,11/29/11,0.23,0.23671875,,,,,,,,,,,,,,,,,,,,11/29/11,,10320,2.33,-12,7.33,20,,
12/6/11,12/6/11,0.24,0.2421875,,,,,,,,,,,,,,,,,,,,12/6/11,,10010,,19,7.55,16.4,,
12/15/11,12/15/11,0.23,0.234375,,,,,,,,,,,,,,,,,,,,12/15/11,,10160,4.42,-202,7.44,16.2,,
12/16/11,,,,12/16/11,8500,2180,2740,0.022,0.0207,0.005,,,58,,0.1,130,,,,,,,,,,,,,,,
12/22/11,12/22/11,0.23,0.234375,,,,,,,,,,,,,,,,,,,,12/22/11,,10390,,-188,7.37,16.2,,
1/6/12,1/6/12,0.23,0.24453125,,,,,,,,,,,,,,,,,,,,1/6/12,,9795,,-179,7.31,19.2,,
1/11/12,1/11/12,0.23,0.2296875,,,,,,,,,,,,,,,,,,,,1/11/12,,10010,4.28,-63,7.18,17.1,,
1/19/12,1/19/12,0.23,0.2359375,,,,,,,,,,,,,,,,,,,,1/19/12,,10500,,-160,7.37,17.9,,
1/20/12,,,,1/20/12,,,,0.0211,0.0199,,,,58,,,,,,,,,,,,,,,,,,
1/25/12,1/25/12,0.23,0.2296875,,,,,,,,,,,,,,,,,,,,1/25/12,,10130,,-175,7.56,17.8,,
1/31/12,1/31/12,0.23,0.23203125,,,,,,,,,,,,,,,,,,,,1/31/12,,9793,2.87,-160,7.4,19.6,,
2/6/12,2/6/12,0.23,0.2265625,,,,,,,,,,,,,,,,,,,,2/6/12,,9928,3.55,-167,7.25,18.7,,
2/10/12,,,,2/10/12,,,,0.0215,0.0195,,,,56,,,,,,,,,,,,,,,,,,
2/16/12,2/16/12,0.17,0.171875,,,,,,,,,,,,,,,,,,,,2/16/12,,10270,,-164,7.23,18.5,,
2/22/12,2/22/12,0.23,0.2265625,,,,,,,,,,,,,,,,,,,,2/22/12,,10220,2.62,-134,7.4,20.1,,
2/24/12,,,,2/24/12,8900,2260,2830,,,,,,58,,,1000,,,,,,,,,,,,,,,
2/28/12,2/28/12,0.23,0.221875,,,,,,,,,,,,,,,,,,,,2/28/12,,9820,4.82,-178,7.27,20,,
3/7/12,3/7/12,0.23,0.21875,,,,,,,,,,,,,,,,,,,,3/7/12,,9869,3.75,-180,7.31,19.8,,
3/9/12,,,,3/9/12,,,,0.0219,0.0199,,,,57,,,,,,,,,,,,,,,,,,
3/15/12,3/15/12,0.23,0.2296875,,,,,,,,,,,,,,,,,,,,3/15/12,,,,,,-17.77777778,,
3/21/12,3/21/12,0.26,,,,,,,,,,,,,,,,,,,,,3/21/12,,13630,,-107,6.27,23.6,,
3/23/12,,,,3/23/12,,,,,,,,,,,,,,,,,,,,,,,,,,,
3/29/12,3/29/12,0.19,0.11875,,,,,,,,,,,,,,,,,,,,3/29/12,,11020,2.3,-172,6.55,23.8,,
4/12/12,4/12/12,0,0,,,,,,,,,,,,,,,,,,,,4/12/12,,12950,0.65,-265,6.63,20.5,,
4/13/12,,,,4/13/12,11200,2450,3580,0.0185,0.0017,0.01,,,2,,12,1200,,,,,,,,,,,,,,,
5/9/12,5/9/12,0.13,0.0984375,,,,,,,,,,,,,,,,,,,,5/9/12,,10970,0.25,-302,7.04,26.3,,
5/11/12,,,,5/11/12,,,,0.0116,0.0017,,,,2,,,,,,,,,,,,,,,,,,
5/23/12,5/23/12,0.13,0.07734375,,,,,,,,,,,,,,,,,,,,5/23/12,,11470,,-328,6.99,28.7,,
5/25/12,,,,5/25/12,9390,1880,2920,0.0108,0.002,0.015,,,2,,3.1,550,,,,,,,,,,,,,,,
5/30/12,5/30/12,0.23,0.18984375,,,,,,,,,,,,,,,,,,,,5/30/12,,10150,0.29,-263,7.03,27.1,,
6/8/12,6/8/12,0.23,0.19140625,,,,,,,,,,,,,,,,,,,,6/8/12,,10230,0.51,-301,7.19,28.8,,
6/27/12,6/27/12,0.23,0.2125,,,,,,,,,,,,,,,,,,,,6/27/12,,10190,0.19,-329,7.23,32.5,,
6/28/12,,,,6/28/12,,,,0.0071,0.0017,,,,2,,,,,,,,,,,,,,,,,,
7/6/12,7/6/12,0.22,0.18125,,,,,,,,,,,,,,,,,,,,7/6/12,,9937,0.29,-293,7.04,29.4,,
7/11/12,7/11/12,0.23,0.15078125,,,,,,,,,,,,,,,,,,,,7/11/12,,9890,0.25,-290,7.18,32.7,,
7/13/12,,,,7/13/12,9060,2080,2960,0.02,0.02,0.01,,,2,2,0.8,330,,,,,,,,,,,,,,,
7/20/12,7/20/12,0.14,0.15,,,,,,,,,,,,,,,,,,,,7/20/12,,10420,0.54,-307,7.03,30.9,,
7/27/12,7/27/12,0.13,0.1015625,,,,,,,,,,,,,,,,,,,,7/27/12,,,,,,,,
8/3/12,8/3/12,0.21,0.30859375,,,,,,,,,,,,,,,,,,,,8/3/12,,11110,0.25,-308,7.11,32.1,,
8/8/12,8/8/12,0.17,0.10859375,,,,,,,,,,,,,,,,,,,,8/8/12,,10860,0.48,-273,7.06,34.3,,
8/15/12,8/15/12,0.17,0.1328125,8/15/12,,,,0.0118,0.0012,,,,2,,,,,,,,,,8/15/12,,10890,0.41,-310,7.08,34.2,,
8/27/12,8/27/12,0.17,0.13671875,,,,,,,,,,,,,,,,,,,,8/27/12,,9836,0.28,-298,7.04,31.9,,
8/29/12,,,,8/29/12,9230,2250,2970,0.01,0.0012,0.01,,,2,,0.92,630,,,,,,,,,,,,,,,
9/12/12,9/12/12,0.13,0.109375,,,,,,,,,,,,,,,,,,,,9/12/12,,9922,1.14,-285,7.01,29.3,,
9/19/12,9/19/12,0.21,0.13203125,,,,,,,,,,,,,,,,,,,,9/19/12,,10010,,-239,7.08,28.6,,
9/25/12,9/25/12,0.17,0.1046875,,,,,,,,,,,,,,,,,,,,9/25/12,,10810,,-213,7.17,26.6,,
9/26/12,,,,9/26/12,9250,2260,3050,0.0167,0.0065,0.015,,,6,,0.38,380,,,,,,,,,,,,,,,
10/31/12,,,,10/31/12,9980,2380,3420,0.0181,0.0035,0.005,,,3.6,,0.69,290,1.36,,,,,,,,,,,,,,
11/2/12,11/2/12,0.23,0.1484375,,,,,,,,,,,,,,,,,,,,11/2/12,,12320,,-231,7.13,22.1,,
11/9/12,11/9/12,0.17,0.0921875,,,,,,,,,,,,,,,,,,,,11/9/12,,10380,,-205,7.02,22.2,,
11/20/12,11/20/12,0.1,0.0453125,,,,,,,,,,,,,,,,,,,,11/20/12,,10770,,-177,7.09,19.7,,
11/27/12,11/27/12,0.1,0.040625,,,,,,,,,,,,,,,,,,,,11/27/12,,10590,,-127,7.04,19.9,,
11/28/12,,,,11/28/12,9300,2290,3110,0.0189,0.0124,0.02,,,29,,0.22,220,1.37,,,,,,,,,,,,,,
12/13/12,12/13/12,0.1,0.0515625,,,,,,,,,,,,,,,,,,,,12/13/12,,11230,,-64,6.87,16.6,,
12/19/12,12/19/12,0.1,0.0625,12/19/12,9720,2520,3280,0.0156,0.0129,0.005,,,33,,0.16,240,1.3,,,,,,12/19/12,,11400,,-95,7.04,15.4,,
1/23/13,1/23/13,0.09,0.05,,,,,,,,,,,,,,,,,,,,1/23/13,,10980,,-1,7.13,16.3,,
2/1/13,2/1/13,0.1,0.0734375,,,,,,,,,,,,,,,,,,,,2/1/13,,10450,,-41,6.94,14.7,,
2/6/13,,,,2/6/13,9280,2440,2980,0.0177,0.0166,0.005,,,48,0.32,0.1,270,,,,,,,,,,,,,,,
2/22/13,2/22/13,0.1,0.0515625,,,,,,,,,,,,,,,,,,,,2/22/13,,10900,,-15,6.91,15,,
2/27/13,2/27/13,0.1,0.046875,,,,,,,,,,,,,,,,,,,,2/27/13,,11880,,-22,7,15.5,,
3/7/13,3/7/13,0.1,0.05625,,,,,,,,,,,,,,,,,,,,3/7/13,,10430,,-56,6.92,18.4,,
3/13/13,,,,3/13/13,9380,2520,3090,0.02,0.0186,0.015,,,47,,0.1,600,,,,,,,,,,,,,,,
3/15/13,3/15/13,0.16,0.0625,,,,,,,,,,,,,,,,,,,,3/15/13,,10420,,-75,6.8,21.7,,
3/22/13,3/22/13,0.14,0.0453125,,,,,,,,,,,,,,,,,,,,3/22/13,,10100,,-32,6.02,22.4,,
3/28/13,3/28/13,0.17,0.0625,,,,,,,,,,,,,,,,,,,,3/28/13,,9769,,-82,6.81,22.8,,
4/8/13,4/8/13,0.18,0.03125,,,,,,,,,,,,,,,,,,,,4/8/13,,9738,,26,6.67,23.8,,
4/24/13,,,,4/24/13,9960,2450,3300,0.02,0.0152,0.015,,,46,,0.1,200,,,,,,,,,,,,,,,
4/25/13,4/25/13,0.23,0.0921875,,,,,,,,,,,,,,,,,,,,4/25/13,,10990,,-103,6.83,23.1,,
5/1/13,5/1/13,0.22,0.171875,,,,,,,,,,,,,,,,,,,,5/1/13,,9925,,-79,6.86,26.6,,
5/10/13,5/10/13,0.23,0.15703125,5/10/13,,2100,2930,0.0212,0.0187,0.015,,,43,,,,,,,,,,5/10/13,,9929,,-81,6.76,25.9,,
5/14/13,5/14/13,0.26,0.1265625,,,,,,,,,,,,,,,,,,,,5/14/13,,10590,,-107,6.73,27.8,,
5/22/13,5/22/13,0.24,0.103125,,,,,,,,,,,,,,,,,,,,5/22/13,,11630,,-70,7.04,28.2,,
5/29/13,,,,5/29/13,10700,2600,3490,0.0244,0.017,0.02,,,44,,0.1,210,,,,,,,,,,,,,,,
5/31/13,5/31/13,0.23,0.2015625,,,,,,,,,,,,,,,,,,,,5/31/13,,13480,,-144,6.87,27.8,,
6/5/13,6/5/13,0.24,0.1890625,,,,,,,,,,,,,,,,,,,,6/5/13,,12770,,-94,6.52,28.3,,
6/14/13,6/14/13,0.25,0.109375,6/14/13,,2820,,0.0274,0.0156,,,,42,,,,,,,,,,6/14/13,,13000,,-81,6.41,29.8,,
6/19/13,6/19/13,0.23,0.175,6/19/13,,,,,,,,,,,,,,,,,,,6/19/13,,12990,,-87,6.17,29.1,,
6/26/13,6/26/13,0.26,0.234375,6/26/13,12600,3150,4490,0.0252,0.0132,0.02,,,25,,0.5,460,,,,,,,,,,,,,,,
6/29/13,,,,,,,,,,,,,,,,,,,,,,,6/29/13,,14100,,-158,6.42,28.4,,
7/3/13,7/3/13,0.29,0.1140625,,,,,,,,,,,,,,,,,,,,7/3/13,,14430,,-108,6.33,32.2,,
7/24/13,7/24/13,0.23,0.0515625,7/24/13,,3510,,0.0298,0.0053,,,,12.5,,,,,,,,,,7/24/13,,16300,,-39,5.97,35.2,,
7/31/13,,,,7/31/13,11900,2900,4130,0.0316,0.0087,0.015,,,25,,0.1,,,,,,,,,,,,,,,,
8/7/13,8/7/13,0.23,0.1359375,,,,,,,,,,,,,,,,,,,,8/7/13,,13560,,-145,6.54,32.3,,
8/14/13,8/14/13,0.16,0.1234375,,,,,,,,,,,,,,,,,,,,8/14/13,,14290,,-122,6.55,34.2,,
8/21/13,8/21/13,0.17,0.1328125,,,,,,,,,,,,,,,,,,,,8/21/13,,14900,,-138,6.47,31.7,,
8/28/13,,,,8/28/13,11600,2840,4040,0.0296,0.0084,0.015,,,18.5,,0.1,180,,,,,64,,,,,,,,,,
9/4/13,9/4/13,0.17,0.1078125,,,,,,,,,,,,,,,,,,,,9/4/13,,13930,,-155,6.69,34.2,,
9/11/13,9/11/13,0.16,0.25,,,,,,,,,,,,,,,,,,,,9/11/13,,11860,,-117,6.5,30.8,,
9/18/13,9/18/13,0.23,0.3046875,9/18/13,,,,0.0288,0.0119,,,,,,,,,,,,65.2,,9/18/13,,11170,,-86,6.12,30.8,,
9/25/13,9/25/13,0.16,0.165625,9/25/13,10400,2610,3560,0.0272,0.0139,0.015,,,37,,0.1,190,,,,,60.2,,9/25/13,,12000,,-66,6.18,28.7,,
10/17/13,10/17/13,0.14,0.190625,,,,,,,,,,,,,,,,,,,,10/17/13,,11180,,-51,5.92,24.6,,
10/23/13,10/23/13,0.13,0.04375,10/23/13,,,,0.0218,0.0156,,,,,,,,,,,,57.2,,10/23/13,,11150,,30,6.32,25.6,,
10/30/13,,,,10/30/13,9510,2400,3180,0.0224,0.014,0.015,,,39,,0.1,350,,,,,54.4,,,,,,,,,,
11/1/13,11/1/13,0.17,0.2578125,,,,,,,,,,,,,,,,,,,,11/1/13,,10710,,-78,6.03,22.7,,
11/6/13,11/6/13,0.17,0.21875,,,,,,,,,,,,,,,,,,,,11/6/13,,10780,,47,6.87,21.5,,
12/13/13,12/13/13,0.14,0.0828125,,,,,,,,,,,,,,,,,,,,,,,,,,,,
12/19/13,,,,12/19/13,8020,2230,,0.0168,0.0152,,,,44,,,,,,,,54.1,,,,,,,,,,
12/24/13,12/24/13,0.14,0.18125,,,,,,,,,,,,,,,,,,,,,,,,,,,,
1/10/14,1/10/14,0.17,,,,,,,,,,,,,,,,,,,,,,,,,,,,,
1/17/14,1/17/14,0.1,,,,,,,,,,,,,,,,,,,,,,,,,,,,,
1/24/14,1/24/14,0.04,0.0609375,,,,,,,,,,,,,,,,,,,,,,,,,,,,
1/29/14,1/29/14,0.12,0.065625,,,,,,,,,,,,,,,,,,,,,,,,,,,,
2/7/14,2/7/14,0.06,0.06796875,,,,,,,,,,,,,,,,,,,,,,,,,,,,
2/12/14,2/12/14,0.1,0.071875,,,,,,,,,,,,,,,,,,,,,,,,,,,,
2/28/14,2/28/14,0.09,0.0671875,,,,,,,,,,,,,,,,,,,,,,,,,,,,
3/7/14,3/7/14,0.1,0.08203125,,,,,,,,,,,,,,,,,,,,,,,,,,,,
3/12/14,3/12/14,0.12,0.06796875,,,,,,,,,,,,,,,,,,,,,,,,,,,,
3/21/14,3/21/14,0.1,0.0609375,,,,,,,,,,,,,,,,,,,,,,,,,,,,
3/28/14,3/28/14,0.1,0.075,,,,,,,,,,,,,,,,,,,,,,,,,,,,
4/18/14,4/18/14,0.1,0.03125,,,,,,,,,,,,,,,,,,,,,,,,,,,,
1/29/15,,,,1/29/15,8940,2560,3050,<0.050,<0.100,0.022,<0.01,<0.02,56.4,<0.10,0.14,<200,,20,0,0,56.4,0,1/29/15,8940,,,,7.6,18.3,,
4/7/15,,,,4/7/15,8440,2370,2800,0.0547,0.0921,<0.050,<0.10,<0.20,41.5,0.26,0.21,<100,,35,0,0,41.8,0,4/7/15,8440,,,,8,19.8,,
4/19/15,4/19/15,0.15,0.609,,,,,,,,,,,,,,,,,,,,4/19/15,1246,,1.46,-248,7.12,24.7,0,
4/26/15,4/26/15,0.15,0.562,,,,,,,,,,,,,,,,,,,,4/26/15,1220,,1.61,-241,7.08,24.1,0,
5/3/15,5/3/15,0.15,0.406,,,,,,,,,,,,,,,,,,,,5/3/15,1153,,1.3,-239,7.16,26,0,
5/10/15,5/10/15,0.15,0.406,,,,,,,,,,,,,,,,,,,,5/10/15,1153,,1.3,-239,7.16,26,0,
5/12/15,,,,5/12/15,6850,2160,2950,0.0231,0.0561,<0.025,<0.05,<0.10,36.5,0.4,0.13,<200,,40,0,0,36.9,0,,,,,,,,,
5/17/15,5/17/15,0.15,0.054,,,,,,,,,,,,,,,,,,,,5/17/15,1259,,4.04,44.3,7.78,27.1,0,
5/24/15,5/24/15,0.15,0.218,,,,,,,,,,,,,,,,,,,,5/24/15,1228,,1.14,-210,7.26,28,0,
5/31/15,5/31/15,0.15,0.437,,,,,,,,,,,,,,,,,,,,5/31/15,1224,,1.01,-200,7.24,25.9,0,
6/7/15,6/7/15,0.15,0.078,,,,,,,,,,,,,,,,,,,,6/7/15,1210,,2.89,-193.3,7.32,29.9,0,
6/14/15,6/14/15,0.15,0.078,,,,,,,,,,,,,,,,,,,,6/14/15,1210,,2.89,-193.3,7.32,29.9,0,
6/21/15,6/21/15,0.15,0.562,,,,,,,,,,,,,,,,,,,,6/21/15,1220,,1.61,-241,7.08,24.1,0,
6/28/15,6/28/15,0.15,0.188,,,,,,,,,,,,,,,,,,,,6/28/15,1310,,1.94,-276,7.18,29,0,
6/30/15,,,,6/30/15,9080,2290,3100,0.0351,0.0756,0.051,<0.05,<0.10,35.5,0.23,0.29,<200,,100,0,0,35.7,0,,,,,,,,,
7/5/15,7/5/15,0.2,0.117,,,,,,,,,,,,,,,,,,,,7/5/15,1316,,1.85,-267,7.15,28.6,0,
7/12/15,7/12/15,0.2,0.468,,,,,,,,,,,,,,,,,,,,7/12/15,1275,,5.14,-247,7.17,30.2,0,
7/19/15,7/19/15,0.2,0.187,,,,,,,,,,,,,,,,,,,,7/19/15,1289,,1.98,-246,7.3,31.8,0,
7/26/15,7/26/15,0.2,0.171,,,,,,,,,,,,,,,,,,,,7/26/15,1316,,2.92,-246,7.21,29.4,0,
7/30/15,,,,7/30/15,8490,2130,3200,0.0312,0.0531,<0.025,<0.050,<0.10,38.6,0.5,0.08,<200,,60,0,0,39.1,0,,,,,,,,,
8/2/15,8/2/15,0.15,0.226,,,,,,,,,,,,,,,,,,,,8/2/15,1310,,2.96,-259,7.23,29.3,0,
8/9/15,8/9/15,0.15,0.179,,,,,,,,,,,,,,,,,,,,8/9/15,1296,,1.94,-237,7.31,31.1,0,
8/16/15,8/16/15,0.15,0.156,,,,,,,,,,,,,,,,,,,,8/16/15,1273,,2.05,-235,7.27,32.8,0,
8/23/15,8/23/15,0.15,0.187,,,,,,,,,,,,,,,,,,,,8/23/15,1228,,1.14,-210,7.26,28,0,
8/30/15,8/30/15,0.15,0.117,,,,,,,,,,,,,,,,,,,,8/30/15,1289,,1.98,-246,7.3,31.8,0,
8/31/15,,,,8/31/15,9040,2260,3200,0.0206,<0.0400,<0.025,<0.050,<0.10,28.5,0.94,0.16,<200,,80,0,0,29.4,0,,,,,,,,,
9/6/15,9/6/15,0.15,0.453,,,,,,,,,,,,,,,,,,,,9/6/15,1462,,0.77,-313,7.02,31.2,0,
9/13/15,9/13/15,0.15,0.093,,,,,,,,,,,,,,,,,,,,9/13/15,1286,,1.08,-273,7.31,27.5,0,
9/20/15,9/20/15,0.15,0.179,,,,,,,,,,,,,,,,,,,,9/20/15,1289,,1.98,-246,7.3,31.8,0,
9/27/15,9/27/15,0.15,0.242,,,,,,,,,,,,,,,,,,,,9/27/15,1160,,1.48,-239,7.28,33.1,0,
10/4/15,10/4/15,0.15,0.218,,,,,,,,,,,,,,,,,,,,10/4/15,1172,,1.32,-254,7.29,29.7,0,
10/11/15,10/11/15,0.15,0.218,,,,,,,,,,,,,,,,,,,,10/11/15,1202,,2.33,-273,7.2,26,0,
10/15/15,,,,10/15/15,8820,1950,2770,0.0189,0.025,<0.0500,<0.0500,<0.100,36,1.44,0.0305,330,,5,0,0,37.4,0,,,,,,,,,
10/18/15,10/18/15,0.15,0.117,,,,,,,,,,,,,,,,,,,,10/18/15,1276,,2.79,-234,7.35,26,0,
10/25/15,10/25/15,0.15,0.156,,,,,,,,,,,,,,,,,,,,10/25/15,1207,,3.07,-232,7.28,23.2,0,
11/1/15,11/1/15,0.15,0.125,,,,,,,,,,,,,,,,,,,,,,,,,,,,
11/8/15,,,,,,,,,,,,,,,,,,,,,,,11/8/15,1126,,4.79,-19.14,7.47,21.7,0,
11/10/15,,,,,,,,,,,,,,,,,,,,,,,11/10/15,0,,0,0,0,0,0,
11/15/15,,,,,,,,,,,,,,,,,,,,,,,11/15/15,0,,0,0,0,0,0,
11/18/15,,,,11/18/15,7880,2260,2740,0.0188,0.0179,0.0205,<0.0200,<0.0300,59.8,0.277,<0.0200,<20.0,,<1,0,0,60.1,0,,,,,,,,,
11/22/15,11/22/15,0.1,0.14,,,,,,,,,,,,,,,,,,,,,,,,,,,,
11/24/15,,,,,,,,,,,,,,,,,,,,,,,11/24/15,1111,,4.56,-189.3,7.41,21.8,0,
11/29/15,,,,,,,,,,,,,,,,,,,,,,,11/29/15,0,,0,0,0,0,0,
12/6/15,12/6/15,0.1,0.625,,,,,,,,,,,,,,,,,,,,,,,,,,,,
12/7/15,,,,,,,,,,,,,,,,,,,,,,,12/7/15,1299,,3.73,-224,7.28,20.7,0,
12/16/15,,,,12/16/15,8900,2210,2790,0.0239,0.0231,0.0266,<0.00544,0.0202,54.4,<0.0020,0.0089,31,,<1,0,0,54.4,0,,,,,,,,,
12/17/15,12/17/15,0.1,0.171,,,,,,,,,,,,,,,,,,,,12/17/15,1163,,3.79,-216,7.29,15.7,0,
12/20/15,12/20/15,0.1,0.078,,,,,,,,,,,,,,,,,,,,12/23/15,1107,,5.33,-159.4,7.37,16.1,0,
12/27/15,12/27/15,0.1,0.078,,,,,,,,,,,,,,,,,,,,,,,,,,,,
12/30/15,,,,,,,,,,,,,,,,,,,,,,,12/30/15,1098,,6.61,-160,7.42,12.7,0,
1/3/16,1/3/16,0.1,0.078,,,,,,,,,,,,,,,,,,,,,,,,,,,,
1/4/16,,,,,,,,,,,,,,,,,,,,,,,1/4/16,1080,,5.21,-90.6,7.4,16.3,0,
1/11/16,1/11/16,0.45,1.59,,,,,,,,,,,,,,,,,,,,1/11/216,1021,,3.74,-94.2,7.21,18.2,0,
1/17/16,1/17/16,0.44,0.219,,,,,,,,,,,,,,,,,,,,,,,,,,,,
1/22/16,,,,,,,,,,,,,,,,,,,,,,,1/22/16,951,,3.85,-150,7.28,24.7,0,
1/24/16,1/24/16,0.45,0.484,,,,,,,,,,,,,,,,,,,,,,,,,,,,
1/27/16,,,,1/27/16,6700,1800,2150,0.0178,0.0136,0.0288,<0.00544,<0.00391,44.3,0.101,0.0289,27,,3,0,0,44.4,0,1/27/16,921,,4.74,-119.9,7.24,19.4,0,
1/31/16,1/31/16,0.45,0.484,,,,,,,,,,,,,,,,,,,,,,,,,,,,
2/7/16,2/7/16,0.45,0.453,,,,,,,,,,,,,,,,,,,,2/7/16,1053,,4.76,-100,7.32,19.6,0,
2/8/16,,,,,,,,,,,,,,,,,,,,,,,2/8/16,1057,,5.01,-6.1,7.3,22.5,0,
2/17/16,2/17/16,0.45,0.453,,,,,,,,,,,,,,,,,,,,2/17/16,1057,,5.01,-6.1,7.3,22.5,0,
2/18/16,,,,2/18/16,7480,1940,2240,0.0211,0.0184,0.00737,0.0178,<0.00391,64.7,0.436,<0.00311,7,,<1,0,0,65.2,0,,,,,,,,,
2/26/16,2/26/16,0.45,,,,,,,,,,,,,,,,,,,,,2/26/16,1026,,3.92,-201,7.09,27,0,
2/29/16,2/29/16,0.4,0.437,,,,,,,,,,,,,,,,,,,,2/29/16,1036,,4.77,135.9,7.27,23.5,0,
3/6/16,,,,,,,,,,,,,,,,,,,,,,,3/6/16,1045,,4.1,112.7,7.24,24.8,0,
3/9/16,3/9/16,0.4,0.438,,,,,,,,,,,,,,,,,,,,,,,,,,,,
3/13/16,3/13/16,0.4,0.421,,,,,,,,,,,,,,,,,,,,3/13/16,1004,,3.99,175.1,7.29,23.4,0,
3/17/16,,,,3/17/16,7340,2040,2320,0.0231,0.0188,0.0326,<0.00544,0.0079,55.3,0.33,0.004,28,,<1,0,0,55.6,0,,,,,,,,,
3/20/16,,,,,,,,,,,,,,,,,,,,,,,3/20/16,1001,,4.79,94.2,7.2,25,0,
3/23/16,3/23/16,0.4,0.359,,,,,,,,,,,,,,,,,,,,,,,,,,,,
3/27/16,,,,,,,,,,,,,,,,,,,,,,,3/27/16,0,,0,0,0,0,0,
4/3/16,,,,,,,,,,,,,,,,,,,,,,,4/3/16,1048,,5.23,32.6,7.31,27,0,
4/5/16,4/5/16,0.4,0.343,,,,,,,,,,,,,,,,,,,,,,,,,,,,
4/10/16,4/10/16,0.35,0.39,,,,,,,,,,,,,,,,,,,,4/10/16,1074,,5.66,122.3,7.56,24.3,0,
4/13/16,,,,4/13/16,8920,2040,2650,0.0212,0.0181,0.0499,<0.00544,0.003,62.8,0.669,0.0153,36,,<1,0,0,63.5,0,,,,,,,,,
4/17/16,,,,,,,,,,,,,,,,,,,,,,,4/17/16,0,,0,0,0,0,0,
4/24/16,,,,,,,,,,,,,,,,,,,,,,,4/24/16,1108,,4.07,198.4,7.33,27.6,0,
4/27/16,4/27/16,0.4,0.281,,,,,,,,,,,,,,,,,,,,,,,,,,,,
5/1/16,,,,,,,,,,,,,,,,,,,,,,,5/1/16,1126,,4.43,131.4,7.44,27.3,0,
5/3/16,5/3/16,0.5,0.375,,,,,,,,,,,,,,,,,,,,,,,,,,,,
5/8/16,,,,,,,,,,,,,,,,,,,,,,,5/8/16,1138,,4.46,201,7.48,27.8,0,
5/11/16,5/11/16,0.5,0.5,,,,,,,,,,,,,,,,,,,,,,,,,,,,
5/15/16,,,,,,,,,,,,,,,,,,,,,,,5/15/16,1131,,4.26,190.6,7.49,28.3,0,
5/17/16,5/17/16,0.5,0.484,,,,,,,,,,,,,,,,,,,,,,,,,,,,
5/18/16,,,,5/18/16,8420,1990,2710,0.0201,0.0147,0.0255,0.0253,0.0331,64.9,0.42,0.0224,18,,<1,0,0,65.3,0,,,,,,,,,
5/22/16,,,,,,,,,,,,,,,,,,,,,,,5/22/16,1112,,4.35,185.6,7.54,29,0,
5/25/16,5/25/16,0.55,0.468,,,,,,,,,,,,,,,,,,,,,,,,,,,,
5/29/16,,,,,,,,,,,,,,,,,,,,,,,5/29/16,1132,,4.65,143.7,7.44,31.2,0,
6/3/16,6/3/16,0.55,0.406,,,,,,,,,,,,,,,,,,,,,,,,,,,,
6/5/16,,,,,,,,,,,,,,,,,,,,,,,6/5/16,1071,,4.88,141.6,7.53,31,0,
6/8/16,6/8/16,0.5,0.437,,,,,,,,,,,,,,,,,,,,,,,,,,,,
6/12/16,,,,,,,,,,,,,,,,,,,,,,,6/12/16,1103,,3.29,125.3,7.38,32.5,0,
6/15/16,,,,6/15/16,7960,1860,2540,0.0276,0.0211,<0.000811,0.0757,<0.00391,51.8,0.537,0.0036,8,,<1,0,0,52.3,0,,,,,,,,,
6/17/16,6/17/16,0.5,0.5,,,,,,,,,,,,,,,,,,,,,,,,,,,,
6/19/16,,,,,,,,,,,,,,,,,,,,,,,6/19/16,1092,,3.66,151.2,7.45,29.7,0,
6/22/16,6/22/16,0.5,0.421,,,,,,,,,,,,,,,,,,,,,,,,,,,,
6/26/16,,,,,,,,,,,,,,,,,,,,,,,6/26/16,1098,,3.91,189.2,7.45,31.1,0,
6/30/16,6/30/16,0.5,0.39,,,,,,,,,,,,,,,,,,,,,,,,,,,,
7/3/16,,,,,,,,,,,,,,,,,,,,,,,7/3/16,1109,,4.4,138,7.6,30.6,0,
7/5/16,7/5/16,0.5,0.437,,,,,,,,,,,,,,,,,,,,,,,,,,,,
7/10/16,,,,,,,,,,,,,,,,,,,,,,,7/10/16,1087,,4.04,154.8,7.49,29.5,0,
7/11/16,7/11/16,0.45,0.406,,,,,,,,,,,,,,,,,,,,,,,,,,,,
7/14/16,,,,7/14/16,8240,2020,2710,0.212,0.0159,<0.000811,0.0442,<0.00391,53.7,0.388,0.0264,70,,3,0,0,54.1,0,,,,,,,,,
7/17/16,,,,,,,,,,,,,,,,,,,,,,,7/17/16,1075,,4.03,43.6,7.48,30.4,0,
7/18/16,7/18/16,0.45,0.39,,,,,,,,,,,,,,,,,,,,,,,,,,,,
7/24/16,,,,,,,,,,,,,,,,,,,,,,,7/24/16,1078,,4.09,8.7,7.54,29.5,0,
7/26/16,7/26/16,0.45,0.343,,,,,,,,,,,,,,,,,,,,,,,,,,,,
7/31/16,,,,,,,,,,,,,,,,,,,,,,,7/31/16,1090,,4.36,112.3,7.56,28.4,0,
8/1/16,8/1/16,0.4,0.281,,,,,,,,,,,,,,,,,,,,,,,,,,,,
8/7/16,,,,,,,,,,,,,,,,,,,,,,,8/7/16,1147,,2.16,-209,7.29,29.7,0,
8/8/16,8/8/16,0.4,0.562,,,,,,,,,,,,,,,,,,,,,,,,,,,,
8/14/16,,,,,,,,,,,,,,,,,,,,,,,8/14/16,1065,,4.27,-166.4,7.5,30.9,0,
8/15/16,8/15/16,0.4,0.25,,,,,,,,,,,,,,,,,,,,,,,,,,,,
8/18/16,,,,8/18/16,6840,1910,2510,0.0208,0.0147,<0.000811,<0.00544,<0.00391,46.5,1.13,0.0598,10,,5,0,0,47.6,0,,,,,,,,,
8/21/16,,,,,,,,,,,,,,,,,,,,,,,8/21/16,1026,,3.2,-266,7.42,29.5,0,
8/24/16,8/24/16,0.4,0.39,,,,,,,,,,,,,,,,,,,,,,,,,,,,
8/28/16,,,,,,,,,,,,,,,,,,,,,,,8/28/16,1039,,2.8,-230,7.45,29,0,
8/29/16,8/29/16,0.35,0.5,,,,,,,,,,,,,,,,,,,,,,,,,,,,
9/4/16,,,,,,,,,,,,,,,,,,,,,,,9/4/16,999,,4.14,-206,7.46,27.8,0,
9/7/16,9/7/16,0.35,0.453,,,,,,,,,,,,,,,,,,,,,,,,,,,,
9/11/16,,,,,,,,,,,,,,,,,,,,,,,9/11/16,1013,,3.11,-203,7.37,30.3,0,
9/12/16,9/12/16,0.35,0.437,,,,,,,,,,,,,,,,,,,,,,,,,,,,
9/18/16,,,,,,,,,,,,,,,,,,,,,,,9/18/16,1006,,4.1,-231,7.47,28.4,0,
9/19/16,,,,9/19/16,6840,1840,2450,0.0214,0.0155,<0.000811,0.0338,<0.00391,52.1,0.4,0.0385,32,,1,0,0,52.5,0,,,,,,,,,
9/22/16,9/22/16,0.35,0.468,,,,,,,,,,,,,,,,,,,,,,,,,,,,
9/25/16,,,,,,,,,,,,,,,,,,,,,,,9/25/16,1018,,4.03,-192.2,7.46,27.2,0,
9/26/16,9/26/16,0.35,0.437,,,,,,,,,,,,,,,,,,,,,,,,,,,,
10/2/16,,,,,,,,,,,,,,,,,,,,,,,10/2/16,1012,,3.98,-176.3,7.48,27.6,0,
10/4/16,10/4/16,0.35,0.453,,,,,,,,,,,,,,,,,,,,,,,,,,,,
10/4/16,10/4/16,0.35,0.437,,,,,,,,,,,,,,,,,,,,,,,,,,,,
10/9/16,,,,,,,,,,,,,,,,,,,,,,,10/9/16,1046,,5.1,-213,7.6,24.5,0,
10/16/16,,,,,,,,,,,,,,,,,,,,,,,10/16/16,1027,,3.96,-156.7,7.42,25.4,0,
10/18/16,10/18/16,0.35,0.421,,,,,,,,,,,,,,,,,,,,,,,,,,,,
10/20/16,,,,10/20/16,6960,1670,2500,0.0197,0.0151,0.0674,0.0183,<0.00391,48,0.13,0.0274,73,,5,0,0,48.1,0,,,,,,,,,
10/23/16,,,,,,,,,,,,,,,,,,,,,,,10/23/16,1065,,4.43,-209,7.47,27.4,0,
10/24/16,10/24/16,0.35,0.39,,,,,,,,,,,,,,,,,,,,,,,,,,,,
10/30/16,,,,,,,,,,,,,,,,,,,,,,,10/30/16,1026,,3.2,-266,7.42,29.5,0,
10/31/16,10/31/16,0.4,0.39,,,,,,,,,,,,,,,,,,,,,,,,,,,,
11/6/16,,,,,,,,,,,,,,,,,,,,,,,11/6/16,0,,0,0,0,0,0,
11/13/16,,,,,,,,,,,,,,,,,,,,,,,11/13/16,1018,,4.56,-220,7.51,23.4,0,
11/14/16,11/14/16,0.35,0.39,,,,,,,,,,,,,,,,,,,,,,,,,,,,
11/17/16,,,,11/17/16,6560,1700,2530,0.0175,0.016,0.0257,0.0318,<0.00391,50.9,0.124,0.0199,28,,<1,0,0,51,0,,,,,,,,,
11/20/16,,,,,,,,,,,,,,,,,,,,,,,11/20/16,1028,,4.68,-144.6,7.52,21.4,0,
11/22/16,11/22/16,0.35,0.39,,,,,,,,,,,,,,,,,,,,,,,,,,,,
11/27/16,,,,,,,,,,,,,,,,,,,,,,,11/27/16,0,,0,0,0,0,0,
12/1/16,12/1/16,0.4,0.39,,,,,,,,,,,,,,,,,,,,,,,,,,,,
12/4/16,,,,,,,,,,,,,,,,,,,,,,,12/4/16,996,,4.17,-85,7.54,20.5,0,
12/6/16,12/6/16,0.35,0.39,,,,,,,,,,,,,,,,,,,,,,,,,,,,
12/11/16,,,,,,,,,,,,,,,,,,,,,,,12/11/16,991,,5.61,-93.4,7.59,19,0,
12/15/16,,,,12/15/16,7620,1750,2420,0.0199,0.0161,0.0513,0.0379,<0.00391,58.3,0.0866,0.0044,27,,5,0,0,58.4,0,,,,,,,,,
12/16/16,12/16/16,0.4,0.351,,,,,,,,,,,,,,,,,,,,,,,,,,,,
12/18/16,,,,,,,,,,,,,,,,,,,,,,,12/18/16,10.94,,4.8,31.4,7.45,20.2,0,
12/20/16,12/20/16,0.4,0.375,,,,,,,,,,,,,,,,,,,,,,,,,,,,
12/25/16,,,,,,,,,,,,,,,,,,,,,,,12/25/16,10.53,,5.36,117.4,7.47,18.8,0,
12/28/16,12/28/16,0.2,0.234,,,,,,,,,,,,,,,,,,,,,,,,,,,,
1/1/17,,,,,,,,,,,,,,,,,,,,,,,1/1/17,1002,,4.83,-2.4,7.42,17.8,0,
1/4/17,1/4/17,0.2,0.234,,,,,,,,,,,,,,,,,,,,,,,,,,,,
1/8/17,,,,1/8/17,7240,1710,2440,0.016,0.0129,0.0102,<0.00544,<0.00391,75.5,<0.0100,<0.00311,48,,2,<0.000187,4.18,75.5,0.8,1/8/17,1026,,4.86,136.8,7.42,20.2,0,
1/10/17,1/10/17,0.2,0.234,,,,,,,,,,,,,,,,,,,,,,,,,,,,
1/15/17,,,,,,,,,,,,,,,,,,,,,,,1/15/17,989,,4.43,140.8,7.41,18.2,0,
1/18/17,1/18/17,0.2,0.218,,,,,,,,,,,,,,,,,,,,,,,,,,,,
1/22/17,,,,,,,,,,,,,,,,,,,,,,,1/22/17,991,,4.38,128,7.44,20.6,0,
1/29/17,,,,,,,,,,,,,,,,,,,,,,,1/29/17,996,,5.68,-69.3,7.46,16.4,0,
1/30/17,1/30/17,0.2,0.234,,,,,,,,,,,,,,,,,,,,,,,,,,,,
2/5/17,,,,,,,,,,,,,,,,,,,,,,,2/5/17,1050,,5.16,167.3,7.49,18.1,0,
2/8/17,2/8/17,0.2,0.218,,,,,,,,,,,,,,,,,,,,,,,,,,,,
2/12/17,,,,,,,,,,,,,,,,,,,,,,,2/12/17,1034,,4.52,145.9,7.45,19.8,0,
2/13/17,2/13/17,0.2,0.218,,,,,,,,,,,,,,,,,,,,,,,,,,,,
2/19/17,,,,,,,,,,,,,,,,,,,,,,,2/19/17,1035,,5.13,53.9,7.46,20.8,0,
2/21/17,2/21/17,0.2,0.219,2/21/17,6220,1810,2490,0.0182,0.0143,0.00799,0.0113,<0.00391,65.3,0.144,0.02,38,,10,<0.000187,2.96,65.4,<0.495,,,,,,,,,
2/26/17,,,,,,,,,,,,,,,,,,,,,,,2/26/17,997,,5.33,-44.1,7.47,20.4,0,
2/27/17,2/27/17,0.2,0.218,,,,,,,,,,,,,,,,,,,,,,,,,,,,
3/5/17,,,,,,,,,,,,,,,,,,,,,,,3/5/17,987,,6.76,56.3,7.56,20.6,0,
3/12/17,,,,,,,,,,,,,,,,,,,,,,,3/12/17,1058,,4.8,178.5,7.42,24.4,0,
3/13/17,3/13/17,0.2,0.218,,,,,,,,,,,,,,,,,,,,,,,,,,,,
3/17/17,3/17/17,0.2,0.218,,,,,,,,,,,,,,,,,,,,,,,,,,,,
3/19/17,,,,,,,,,,,,,,,,,,,,,,,3/19/17,1064,,5.31,195.7,7.32,28.1,0,
3/21/17,3/21/17,0.2,0.171,,,,,,,,,,,,,,,,,,,,,,,,,,,,
3/26/17,,,,,,,,,,,,,,,,,,,,,,,3/26/17,1058,,5.61,139.4,7.48,25.2,0,
3/29/17,3/29/17,0.2,0.187,,,,,,,,,,,,,,,,,,,,,,,,,,,,
3/30/17,,,,3/30/17,7420,1910,2560,0.0195,0.0138,0.0164,<0.00544,0.0174,48.4,0.167,0.0072,35,,<1,<0.000187,2.6,48.6,<0.0600,,,,,,,,,
4/2/17,,,,,,,,,,,,,,,,,,,,,,,4/2/17,991,,4.7,226,7.47,24.9,0,
4/3/17,4/3/17,0.2,0.187,,,,,,,,,,,,,,,,,,,,,,,,,,,,
4/9/17,,,,,,,,,,,,,,,,,,,,,,,4/9/17,1031,,4.69,243,7.49,22.1,0,
4/10/17,4/10/17,0.2,0.218,,,,,,,,,,,,,,,,,,,,,,,,,,,,
4/13/17,,,,4/13/17,7560,1880,2570,0.0182,0.0134,<0.000811,<0.00544,0.0263,52.1,1.26,0.0174,260,,<1,<0.000187,75.2,53.4,<0.0600,,,,,,,,,
4/16/17,,,,,,,,,,,,,,,,,,,,,,,4/16/17,1037,,5.71,109.8,7.61,26.7,0,
4/17/17,4/17/17,0.2,0.156,,,,,,,,,,,,,,,,,,,,,,,,,,,,
4/23/17,,,,,,,,,,,,,,,,,,,,,,,4/23/17,1138,,2.15,-189.5,7.27,29.8,0,
4/24/17,4/24/17,0.2,0.125,,,,,,,,,,,,,,,,,,,,,,,,,,,,
4/30/17,,,,,,,,,,,,,,,,,,,,,,,4/30/17,1203,,0.65,-240,7.33,22.7,0,
5/1/17,5/1/17,0.25,0.25,,,,,,,,,,,,,,,,,,,,,,,,,,,,
5/7/17,,,,,,,,,,,,,,,,,,,,,,,5/7/17,1130,,0.46,-331,7.38,22,4,
5/8/17,5/8/17,0.25,0.156,,,,,,,,,,,,,,,,,,,,,,,,,,,,
5/8/17,,,,,,,,,,,,,,,,,,,,,,,5/8/17,1111,,0.46,-289,7.31,24,0.2,
5/14/17,,,,,,,,,,,,,,,,,,,,,,,5/14/17,1130,,0.46,-331,7.38,22,4,
5/15/17,5/15/17,0.25,0.14,,,,,,,,,,,,,,,,,,,,5/15/17,1111,,0.46,-289,7.31,24,0.2,
5/18/17,,,,5/18/17,7660,1900,2700,0.00743,0.00354,0.00706,<0.00544,<0.00391,1.46,0.296,0.0291,91,,20,<0.000187,17.1,1.76,<0.0600,,,,,,,,,
5/22/17,5/22/17,0.25,0.25,,,,,,,,,,,,,,,,,,,,5/22/17,1048,,1.12,-252,7.42,26.1,0.2,
5/28/17,5/28/17,0.25,0.406,,,,,,,,,,,,,,,,,,,,,,,,,,,,
5/31/17,,,,,,,,,,,,,,,,,,,,,,,5/31/17,1075,,0.68,-320,7.33,29.8,0.5,
6/4/17,6/4/17,0.25,0.484,,,,,,,,,,,,,,,,,,,,,,,,,,,,
6/5/17,,,,,,,,,,,,,,,,,,,,,,,6/5/17,1081,,0.52,-267,7.28,28.1,0.2,
6/11/17,6/11/17,0.25,0.312,,,,,,,,,,,,,,,,,,,,,,,,,,,,
6/13/17,,,,,,,,,,,,,,,,,,,,,,,6/13/17,1076,,1.99,-232,7.37,29.8,0,
6/18/17,6/18/17,0.25,0.328,,,,,,,,,,,,,,,,,,,,,,,,,,,,
6/19/17,,,,,,,,,,,,,,,,,,,,,,,6/19/17,1094,,2.37,-227,7.37,27.9,0,
6/22/17,,,,6/22/17,7580,1930,2720,0.0164,0.00865,<0.000811,<0.00544,<0.00391,2.1,0.295,0.0396,<3.36,,4,<0.000187,12.4,2.39,<0.0600,,,,,,,,,
6/25/17,6/25/17,0.25,0.39,,,,,,,,,,,,,,,,,,,,,,,,,,,,
6/26/17,,,,,,,,,,,,,,,,,,,,,,,6/26/17,1098,,2.48,-227,7.27,29.6,0,
7/2/17,7/2/17,0.25,0.25,,,,,,,,,,,,,,,,,,,,,,,,,,,,
7/5/17,,,,,,,,,,,,,,,,,,,,,,,7/5/17,1091,,2.86,-211,7.17,31.6,0,
7/9/17,7/9/17,0.25,0.25,,,,,,,,,,,,,,,,,,,,,,,,,,,,
7/11/17,,,,,,,,,,,,,,,,,,,,,,,7/11/17,1102,,0.75,-283,7.22,30.6,0,
7/16/17,7/16/17,0.25,0.375,,,,,,,,,,,,,,,,,,,,,,,,,,,,
7/18/17,,,,,,,,,,,,,,,,,,,,,,,7/18/17,1117,,0.46,-286,7.21,29.6,0,
7/20/17,,,,7/20/17,7980,1980,2810,0.0244,0.0102,0.0114,<0.00544,<0.00391,0.305,0.0108,0.0859,285,,0,<0.000187,61.7,0.316,<0.0600,,,,,,,,,
7/26/17,,,,,,,,,,,,,,,,,,,,,,,7/26/17,1107,,0.3,-336,7.21,30,1.5,
7/23/17,7/23/17,0.25,0.406,,,,,,,,,,,,,,,,,,,,,,,,,,,,
7/30/17,7/30/17,0.25,0.375,,,,,,,,,,,,,,,,,,,,,,,,,,,,
7/31/17,,,,,,,,,,,,,,,,,,,,,,,7/31/17,1114,,0.05,-347,7.19,29.8,2,
8/6/17,8/6/17,0.25,0.343,,,,,,,,,,,,,,,,,,,,,,,,,,,,
8/7/17,,,,,,,,,,,,,,,,,,,,,,,8/7/17,1103,,0.24,-329,7.28,29.3,1.6,
8/13/17,8/13/17,0.25,0.171,,,,,,,,,,,,,,,,,,,,,,,,,,,,
8/15/17,,,,,,,,,,,,,,,,,,,,,,,8/15/17,1101,,0.39,-322,7.4,28.1,0.2,
8/20/17,8/20/17,0.25,0.14,,,,,,,,,,,,,,,,,,,,,,,,,,,,
8/23/17,,,,,,,,,,,,,,,,,,,,,,,8/23/17,1050,,1.48,-199,7.44,29.6,1.2,
8/27/17,8/27/17,0.25,0.218,,,,,,,,,,,,,,,,,,,,,,,,,,,,
8/28/17,,,,,,,,,,,,,,,,,,,,,,,8/28/17,1048,,0.44,-285,7.55,25.3,1.4,
9/3/17,9/3/17,0.2,0.187,,,,,,,,,,,,,,,,,,,,,,,,,,,,
9/7/17,,,,,,,,,,,,,,,,,,,,,,,9/7/17,1085,,0.12,-355,7.16,28.9,2,
9/10/17,9/10/17,0.2,0.218,,,,,,,,,,,,,,,,,,,,,,,,,,,,
9/11/17,,,,,,,,,,,,,,,,,,,,,,,9/11/17,1081,,0,-358,7.1,27.9,1,
9/17/17,9/17/17,0.2,0.359,,,,,,,,,,,,,,,,,,,,,,,,,,,,
9/19/17,,,,,,,,,,,,,,,,,,,,,,,9/19/17,1095,,0,-362,6.96,26.3,0.4,
,,,,,,,,,,,,,,,,,,,,,,,,,,,,,,,