Master Date List,Date,Brine TDS,Brine Sulfate,Brine Chloride,Brine Arsenic,Brine Selenium,Brine Chromium,Brine Copper,Brine Zinc,Brine Nitrate,Brine Nitrite,Brine Phosphorus,Brine COD,Brine Boron,Brine Color,Brine Thallium,Brine DOC,Brine Nitrate + Nitrite as N,Brine Sulfide,Date,Brine Conductivity S/m,Brine Conductivity µS/cm,Brine DO mg/L,Brine ORP,Brine pH,Brine Temp. Celsius,Brine H2S mg/l
10/20/10,,,,,,,,,,,,,,,,,,,,,,,,,,,
10/21/10,,,,,,,,,,,,,,,,,,,,,,,,,,,
11/1/10,,,,,,,,,,,,,,,,,,,,,,,,,,,
11/2/10,,,,,,,,,,,,,,,,,,,,,,,,,,,
11/4/10,,,,,,,,,,,,,,,,,,,,,,,,,,,
11/8/10,,,,,,,,,,,,,,,,,,,,,,,,,,,
11/9/10,,,,,,,,,,,,,,,,,,,,,,,,,,,
11/10/10,,,,,,,,,,,,,,,,,,,,,,,,,,,
11/15/10,,,,,,,,,,,,,,,,,,,,,,,,,,,
11/16/10,,,,,,,,,,,,,,,,,,,,,,,,,,,
11/17/10,,,,,,,,,,,,,,,,,,,,,,,,,,,
11/19/10,,,,,,,,,,,,,,,,,,,,,,,,,,,
11/22/10,,,,,,,,,,,,,,,,,,,,,,,,,,,
11/23/10,,,,,,,,,,,,,,,,,,,,,,,,,,,
11/24/10,,,,,,,,,,,,,,,,,,,,,,,,,,,
11/29/10,,,,,,,,,,,,,,,,,,,,,,,,,,,
12/1/10,,,,,,,,,,,,,,,,,,,,,,,,,,,
12/2/10,,,,,,,,,,,,,,,,,,,,,,,,,,,
12/6/10,,,,,,,,,,,,,,,,,,,,,,,,,,,
12/8/10,,,,,,,,,,,,,,,,,,,,,,,,,,,
12/14/10,12/14/10,7920,1930,2490,0.0257,0.025,0.042,0.03,0.18,58,0.1,,98,,,,,,,12/14/10,,9374,,9,7.5,23.3,
12/21/10,,,,,,,,,,,,,,,,,,,,,,,,,,,
12/23/10,,,,,,,,,,,,,,,,,,,,,,,,,,,
1/5/11,,,,,,,,,,,,,,,,,,,,1/5/11,,9262,,204,7.6,22.3,
1/6/11,,,,,,,,,,,,,,,,,,,,,,,,,,,
1/10/11,,,,,,,,,,,,,,,,,,,,,,,,,,,
1/12/11,,,,,,,,,,,,,,,,,,,,,,,,,,,
1/13/11,,,,,,,,,,,,,,,,,,,,1/13/11,,9608,,204,7.5,25.9,
1/20/11,1/20/11,7810,1970,2560,0.0285,0.0323,0.046,0.01,0.06,61,0.1,0.077,130,,,,,,,1/20/11,,9174,,180,7.57,24,
1/21/11,,,,,,,,,,,,,,,,,,,,,,,,,,,
1/24/11,,,,,,,,,,,,,,,,,,,,1/24/11,,8582,,188,7.5,24.2,
1/25/11,,,,,,,,,,,,,,,,,,,,,,,,,,,
1/26/11,,,,,,,,,,,,,,,,,,,,,,,,,,,
1/28/11,,,,,,,,,,,,,,,,,,,,,,,,,,,
2/1/11,,,,,,,,,,,,,,,,,,,,,,,,,,,
2/2/11,,,,,,,,,,,,,,,,,,,,,,,,,,,
2/4/11,,,,,,,,,,,,,,,,,,,,2/4/11,,7952,,227,7.47,24.5,
2/9/11,,,,,,,,,,,,,,,,,,,,,,,,,,,
2/11/11,,,,,,,,,,,,,,,,,,,,2/11/11,,8196,,189,7.6,25.9,
2/14/11,,,,,,,,,,,,,,,,,,,,,,,,,,,
2/22/11,,,,,,,,,,,,,,,,,,,,2/22/11,,7837,,200,7.56,26.4,
3/2/11,3/2/11,6740,1550,2210,0.0245,0.0221,0.042,0.01,0.06,55,0.1,0.05,240,,,,,,,3/2/11,,7978,6.79,190,7.5,24.6,
3/9/11,,,,,,,,,,,,,,,,,,,,3/9/11,,7823,6.79,110,7.54,26.7,
3/11/11,,,,,,,,,,,,,,,,,,,,3/11/11,,7863,6.42,180,7.53,27.7,
3/18/11,,,,,,,,,,,,,,,,,,,,3/18/11,,8048,6.28,152,7.54,29.4,
3/25/11,,,,,,,,,,,,,,,,,,,,3/25/11,,8123,7.38,153,7.49,27,
4/3/11,4/3/11,6360,,,0.031,0.0276,0.048,0.01,0.06,,,0.032,,,,,,,,,,,,,,,
4/8/11,,,,,,,,,,,,,,,,,,,,4/8/11,,7900,,178,7.56,26.8,
4/20/11,,,,,,,,,,,,,,,,,,,,4/20/11,,9776,6.68,201,7.49,26.3,
5/2/11,,,,,,,,,,,,,,,,,,,,5/2/11,,10460,6.62,174,7.49,26.4,
5/5/11,5/5/11,7890,2140,2600,0.0185,0.0313,0.029,,,59,0.1,0.033,320,,,,,,,,,,,,,,
5/9/11,,,,,,,,,,,,,,,,,,,,5/9/11,,10640,6.51,201,7.48,21.9,
5/16/11,,,,,,,,,,,,,,,,,,,,5/16/11,,10060,6.4,-6,7.46,28,
5/20/11,,,,,,,,,,,,,,,,,,,,5/20/11,,9862,6.08,135,7.6,27.5,
5/27/11,5/27/11,,,,0.022,0.0311,,,,63,,,,,,,,,,5/27/11,,10290,6.07,144,7.45,28.4,
6/3/11,,,,,,,,,,,,,,,,,,,,6/3/11,,9080,5.9,-29,7.78,28.9,
6/8/11,,,,,,,,,,,,,,,,,,,,,,,,,,,
6/10/11,,,,,,,,,,,,,,,,,,,,6/10/11,,8910,5.79,21,7.6,29.3,
6/17/11,,,,,,,,,,,,,,,,,,,,6/17/11,,8615,5.7,61,7.59,30.2,
6/24/11,6/24/11,8000,,,0.024,0.0237,0.04,,,,,0.044,,,,,,,,6/24/11,,9758,5.8,24,7.94,27.4,
7/1/11,,,,,,,,,,,,,,,,,,,,7/1/11,,9155,5.63,-58,7.61,30,
7/8/11,,,,,,,,,,,,,,,,,,,,7/8/11,,8980,5.42,-6,7.55,30.3,
7/15/11,,,,,,,,,,,,,,,,,,,,7/15/11,,9056,5.35,-107,7.57,29.9,
7/22/11,7/22/11,7450,1820,2390,0.0291,0.0419,0.043,,,56,,0.02,120,,,,,,,7/22/11,,9179,5.34,138,7.55,29.6,
7/25/11,,,,,,,,,,,,,,,,,,,,,,,,,,,
7/27/11,,,,,,,,,,,,,,,,,,,,,,,,,,,
7/29/11,,,,,,,,,,,,,,,,,,,,7/29/11,,8812,7.75,65,7.51,30,
8/1/11,,,,,,,,,,,,,,,,,,,,,,,,,,,
8/3/11,,,,,,,,,,,,,,,,,,,,,,,,,,,
8/5/11,,,,,,,,,,,,,,,,,,,,8/5/11,,8767,8.12,-92,7.76,31.2,
8/8/11,,,,,,,,,,,,,,,,,,,,,,,,,,,
8/10/11,,,,,,,,,,,,,,,,,,,,8/10/11,,8857,6.4,-69,7.87,30,
8/18/11,,,,,,,,,,,,,,,,,,,,8/18/11,,8880,6.66,-33,7.49,31.6,
8/26/11,8/26/11,7990,1860,2460,0.0259,0.0175,0.045,,,57,,0.1,180,,,,,,,8/26/11,,8665,6.18,-65,7.82,31.1,
9/2/11,,,,,,,,,,,,,,,,,,,,9/2/11,,9155,6.96,177,7.55,28.3,
9/9/11,,,,,,,,,,,,,,,,,,,,9/9/11,,8890,6.81,-132,7.77,29.7,
9/9/11,9/9/11,,,,0.0277,0.0174,,,,56,,,,,,,,,,,,,,,,,
9/16/11,,,,,,,,,,,,,,,,,,,,9/16/11,,8854,5.98,-134,7.66,30.3,
9/22/11,,,,,,,,,,,,,,,,,,,,9/22/11,,8168,9.77,-121,7.67,30.2,
9/23/11,9/23/11,6460,1480,2070,0.0287,0.0157,0.048,,,51,,0.1,99,,,,,,,,,,,,,,
9/29/11,,,,,,,,,,,,,,,,,,,,9/29/11,,9034,8.28,-90,7.65,29.6,
10/6/11,,,,,,,,,,,,,,,,,,,,10/6/11,,9982,8.14,-126,7.55,27.6,
10/7/11,,,,,,,,,,,,,,,,,,,,,,,,,,,
10/13/11,,,,,,,,,,,,,,,,,,,,10/13/11,,9135,8.02,-121,7.59,29.1,
10/14/11,10/14/11,,,,0.0219,0.0175,,,,53,,,,,,,,,,,,,,,,,
10/20/11,,,,,,,,,,,,,,,,,,,,10/20/11,,9284,9.79,-144,7.52,28.8,
10/25/11,,,,,,,,,,,,,,,,,,,,10/25/11,,9306,7.94,-158,7.55,28.4,
10/28/11,10/28/11,7490,1880,2470,0.0236,0.018,0.042,,,57,,,70,,,,,,,,,,,,,,
11/1/11,,,,,,,,,,,,,,,,,,,,11/1/11,,11070,6.25,-140,7.5,27,
11/8/11,,,,,,,,,,,,,,,,,,,,11/8/11,,9164,6.69,-160,7.63,26,
11/17/11,,,,,,,,,,,,,,,,,,,,11/17/11,,9976,4.16,-140,7.59,26.9,
11/18/11,11/18/11,8490,2100,2720,0.0248,0.0216,,,,60,,0.1,200,,,,,,,,,,,,,,
11/22/11,,,,,,,,,,,,,,,,,,,,11/22/11,,8678,6.44,-150,7.49,26.5,
11/29/11,,,,,,,,,,,,,,,,,,,,11/29/11,,9989,6.37,-144,7.66,25.7,
12/6/11,,,,,,,,,,,,,,,,,,,,12/6/11,,10350,,-1,7.75,24.5,
12/15/11,,,,,,,,,,,,,,,,,,,,12/15/11,,10580,7.93,-110,7.8,24.5,
12/16/11,12/16/11,7840,2000,2510,0.0184,0.019,0.033,,,54,,0.1,180,,,,,,,,,,,,,,
12/22/11,,,,,,,,,,,,,,,,,,,,12/22/11,,9995,,-132,7.64,22.7,
1/6/12,,,,,,,,,,,,,,,,,,,,1/6/12,,10240,,-118,7.58,25.3,
1/11/12,,,,,,,,,,,,,,,,,,,,1/11/12,,9540,7.11,-83,7.43,23.9,
1/19/12,,,,,,,,,,,,,,,,,,,,1/19/12,,9512,,-110,7.64,25.3,
1/20/12,1/20/12,,,,0.0193,0.0193,,,,58,,,,,,,,,,,,,,,,,
1/25/12,,,,,,,,,,,,,,,,,,,,1/25/12,,9444,,-104,7.88,24.8,
1/31/12,,,,,,,,,,,,,,,,,,,,1/31/12,,10350,7.41,-103,7.63,26.7,
2/6/12,,,,,,,,,,,,,,,,,,,,2/6/12,,9495,7.16,-113,7.51,25.5,
2/10/12,2/10/12,,,,0.0192,0.0179,,,,53,,,,,,,,,,,,,,,,,
2/16/12,,,,,,,,,,,,,,,,,,,,2/16/12,,9582,,-80,7.56,26.2,
2/22/12,,,,,,,,,,,,,,,,,,,,2/22/12,,9485,6.9,-102,7.68,26.1,
2/24/12,2/24/12,8270,2110,2620,,,,,,54,,,920,,,,,,,,,,,,,,
2/28/12,,,,,,,,,,,,,,,,,,,,2/28/12,,9982,7.52,-102,7.55,25.4,
3/7/12,,,,,,,,,,,,,,,,,,,,3/7/12,,10630,7.62,-102,7.75,24.2,
3/9/12,3/9/12,,,,0.0218,0.0197,,,,54,,,,,,,,,,,,,,,,,
3/15/12,,,,,,,,,,,,,,,,,,,,3/15/12,,9467,6.78,-159,7.64,27.4,
3/21/12,,,,,,,,,,,,,,,,,,,,3/21/12,,9784,,-59,7.68,26.9,
3/23/12,3/23/12,8250,2160,2650,0.019,0.0185,0.033,,,55,,0.1,170,,,,,,,,,,,,,,
3/29/12,,,,,,,,,,,,,,,,,,,,3/29/12,,9396,6.03,-82,7.65,27.2,
4/12/12,,,,,,,,,,,,,,,,,,,,4/12/12,,10110,7.16,-170,7.59,26.5,
4/13/12,4/13/12,8870,2310,2840,0.0217,0.0189,0.038,,,60,,0.1,250,,,,,,,,,,,,,,
5/9/12,,,,,,,,,,,,,,,,,,,,5/9/12,,10100,6.87,-111,7.57,28.2,
5/11/12,5/11/12,,,,0.0201,0.0184,,,,51,,,,,,,,,,,,,,,,,
5/23/12,,,,,,,,,,,,,,,,,,,,5/23/12,,9146,,-189,7.62,28.6,
5/25/12,5/25/12,8000,1910,2510,0.0184,0.0169,0.041,,,57,,0.1,83,,,,,,,,,,,,,,
5/30/12,,,,,,,,,,,,,,,,,,,,5/30/12,,9180,6.03,-160,7.59,28.8,
6/8/12,,,,,,,,,,,,,,,,,,,,6/8/12,,9028,6.49,-170,7.62,28.6,
6/27/12,,,,,,,,,,,,,,,,,,,,6/27/12,,8958,6.23,-207,7.63,30.4,
6/28/12,6/28/12,,,,0.0224,0.018,,,,58,,,,,,,,,,,,,,,,,
7/6/12,,,,,,,,,,,,,,,,,,,,7/6/12,,8949,6.47,-149,7.56,29,
7/11/12,,,,,,,,,,,,,,,,,,,,7/11/12,,8855,6.23,-175,7.58,30.1,
7/13/12,7/13/12,8120,1960,2550,0.0232,0.0205,0.044,,,59,2,0.1,120,,,,,,,,,,,,,,
7/20/12,,,,,,,,,,,,,,,,,,,,7/20/12,,8760,6.54,108,7.59,28.8,
7/27/12,,,,,,,,,,,,,,,,,,,,7/27/12,,,,,,,
8/3/12,,,,,,,,,,,,,,,,,,,,8/3/12,,9136,6.06,-186,7.58,30.4,
8/8/12,,,,,,,,,,,,,,,,,,,,8/8/12,,8732,5.58,-168,7.61,29.9,
8/15/12,8/15/12,,,,0.0229,0.0167,,,,,,,,,,,,,,8/15/12,,8720,6.02,-177,7.69,28.8,
8/27/12,,,,,,,,,,,,,,,,,,,,8/27/12,,8673,6.87,-171,7.64,29.7,
8/29/12,8/29/12,7440,1920,2860,0.0236,0.0186,0.041,,,65,,0.1,100,,,,,,,,,,,,,,
9/12/12,,,,,,,,,,,,,,,,,,,,9/12/12,,8665,6.67,-180,7.4,28.5,
9/19/12,,,,,,,,,,,,,,,,,,,,9/19/12,,8599,,-157,7.58,28.6,
9/25/12,,,,,,,,,,,,,,,,,,,,9/25/12,,8723,,-138,7.73,28.5,
9/26/12,9/26/12,7870,1830,2490,0.0215,0.0175,0.041,,,56,,0.34,190,,,,,,,,,,,,,,
10/31/12,10/31/12,7940,2000,2650,0.0228,0.0196,0.044,,,58,,0.1,130,1.23,,,,,,,,,,,,,
11/2/12,,,,,,,,,,,,,,,,,,,,11/2/12,,8504,,-147,7.47,27.2,
11/9/12,,,,,,,,,,,,,,,,,,,,11/9/12,,9155,,-98,7.33,26.4,
11/20/12,,,,,,,,,,,,,,,,,,,,11/20/12,,8692,,-97,7.36,26.2,
11/27/12,,,,,,,,,,,,,,,,,,,,11/27/12,,8069,,-116,7.33,26.5,
11/28/12,11/28/12,6720,1570,2200,0.0224,0.0157,0.045,,,54,,0.1,130,1.22,,,,,,,,,,,,,
12/13/12,,,,,,,,,,,,,,,,,,,,12/13/12,,9690,,200,6.5,25.5,
12/19/12,12/19/12,8190,2140,2640,0.02,0.0173,0.04,,,58,,0.1,160,1.33,,,,,,12/19/12,,9555,,0,7.38,22.1,
1/23/13,,,,,,,,,,,,,,,,,,,,1/23/13,,9930,,18,7.13,24.6,
2/1/13,,,,,,,,,,,,,,,,,,,,2/1/13,,10300,,8,7.2,24.2,
2/6/13,2/6/13,7680,2010,2460,0.0191,0.0166,0.04,,,59,0.2,0.1,120,,,,,,,,,,,,,,
2/22/13,,,,,,,,,,,,,,,,,,,,2/22/13,,8682,,-33,7.26,25.2,
2/27/13,,,,,,,,,,,,,,,,,,,,2/27/13,,9965,,2,7.11,25.8,
3/7/13,,,,,,,,,,,,,,,,,,,,3/7/13,,9583,,-11,6.99,26,
3/13/13,3/13/13,7290,1970,2350,0.02,0.0175,0.043,,,49,,0.1,190,,,,,,,,,,,,,,
3/15/13,,,,,,,,,,,,,,,,,,,,3/15/13,,8822,,-7,7,27.6,
3/22/13,,,,,,,,,,,,,,,,,,,,3/22/13,,9488,,28,6.25,28,
3/28/13,,,,,,,,,,,,,,,,,,,,3/28/13,,9140,,8,7.06,27.1,
4/8/13,,,,,,,,,,,,,,,,,,,,4/8/13,,8541,,-13,7.03,25.9,
4/24/13,4/24/13,7010,,2180,0.02,0.0159,0.042,,,53,,0.1,74,,,,,,,,,,,,,,
4/25/13,,,,,,,,,,,,,,,,,,,,4/25/13,,7596,,244,6.6,27.8,
5/1/13,,,,,,,,,,,,,,,,,,,,5/1/13,,8728,,-27,7.09,28.5,
5/10/13,5/10/13,,1620,2240,0.0205,0.0204,0.04,,,51,,,,,,,,,,5/10/13,,8865,,-20,6.93,27.8,
5/14/13,,,,,,,,,,,,,,,,,,,,5/14/13,,8488,,-33,6.98,28.8,
5/22/13,,,,,,,,,,,,,,,,,,,,5/22/13,,8419,,-24,7.16,29.2,
5/29/13,5/29/13,7780,1930,2540,0.0197,0.0177,0.04,,,56,,0.1,140,,,,,,,,,,,,,,
5/31/13,,,,,,,,,,,,,,,,,,,,5/31/13,,8500,,-41,6.92,29.1,
6/5/13,,,,,,,,,,,,,,,,,,,,6/5/13,,8414,,-22,6.71,29.4,
6/14/13,6/14/13,,1850,,0.0208,0.0164,,,,56,,,,,,,,,,6/14/13,,8206,,2,6.67,29.6,
6/19/13,6/19/13,,,,,,,,,,,,,,,,,,,6/19/13,,8150,,11,6.24,29.3,
6/26/13,6/26/13,7510,1850,2510,0.0215,0.0164,0.044,,,56,,0.1,140,,,,,,,,,,,,,,
6/29/13,,,,,,,,,,,,,,,,,,,,6/29/13,,8281,,-21,6.54,29.2,
7/3/13,,,,,,,,,,,,,,,,,,,,7/3/13,,8365,,-24,6.56,30.4,
7/24/13,7/24/13,,1750,,0.0221,0.0177,,,,53,,,,,,,,,,7/24/13,,8145,,0,6.73,30.7,
7/31/13,7/31/13,7620,1770,2400,0.0225,0.0174,0.048,,,53,,0.1,,,,,,,,,,,,,,,
8/7/13,,,,,,,,,,,,,,,,,,,,8/7/13,,8225,,-36,6.83,30.5,
8/14/13,,,,,,,,,,,,,,,,,,,,8/14/13,,8621,,-4,6.77,29.8,
8/21/13,,,,,,,,,,,,,,,,,,,,8/21/13,,,,,,,
8/28/13,8/28/13,11600,2840,4040,0.0296,0.0084,0.015,,,18.5,,0.1,180,,,,,,,,,,,,,,
9/4/13,,,,,,,,,,,,,,,,,,,,9/4/13,,8854,,-64,6.83,30.2,
9/11/13,,,,,,,,,,,,,,,,,,,,9/11/13,,8502,,,,,
9/18/13,9/18/13,,,,0.0288,0.0119,,,,,,,,,,,,,,9/18/13,,9083,,-5,6.27,29.7,
9/25/13,9/25/13,10400,2610,3560,0.0272,0.0139,0.015,,,37,,0.1,190,,,,,,,9/25/13,,8838,,18,6.29,28.6,
10/17/13,,,,,,,,,,,,,,,,,,,,10/17/13,,8760,,34,5.97,27.3,
10/23/13,10/23/13,,,,0.0218,0.0156,,,,,,,,,,,,,,10/23/13,,8300,,46,6.4,27.6,
10/30/13,10/30/13,9510,2400,3180,0.0224,0.014,0.015,,,39,,0.1,350,,,,,,,,,,,,,,
11/1/13,,,,,,,,,,,,,,,,,,,,11/1/13,,8658,,-7,6.09,27.4,
11/6/13,,,,,,,,,,,,,,,,,,,,11/6/13,,8434,,54,6.96,25.4,
12/13/13,,,,,,,,,,,,,,,,,,,,,,,,,,,
12/19/13,12/19/13,8020,2230,,0.0168,0.0152,,,,44,,,,,,,,,,,,,,,,,
12/24/13,,,,,,,,,,,,,,,,,,,,,,,,,,,
1/10/14,,,,,,,,,,,,,,,,,,,,,,,,,,,
1/17/14,,,,,,,,,,,,,,,,,,,,,,,,,,,
1/24/14,,,,,,,,,,,,,,,,,,,,,,,,,,,
1/29/14,,,,,,,,,,,,,,,,,,,,,,,,,,,
2/7/14,,,,,,,,,,,,,,,,,,,,,,,,,,,
2/12/14,,,,,,,,,,,,,,,,,,,,,,,,,,,
2/28/14,,,,,,,,,,,,,,,,,,,,,,,,,,,
3/7/14,,,,,,,,,,,,,,,,,,,,,,,,,,,
3/12/14,,,,,,,,,,,,,,,,,,,,,,,,,,,
3/21/14,,,,,,,,,,,,,,,,,,,,,,,,,,,
3/28/14,,,,,,,,,,,,,,,,,,,,,,,,,,,
4/18/14,,,,,,,,,,,,,,,,,,,,,,,,,,,
1/29/15,1/29/15,8340,2310,2600,<0.050,<0.100,0.039,0.06,<0.02,64,<0.10,<0.05,<200,,<1,0,0,64,0,1/29/15,8340,,,,8,18.8,
4/7/15,4/7/15,8940,2540,2950,0.0599,0.0919,<0.050,<0.10,<0.20,65.2,<0.10,0.07,<100,,<1,0,0,65.2,0,4/7/15,8940,,,,8.1,20.5,
4/19/15,,,,,,,,,,,,,,,,,,,,4/19/15,1193,,4.41,-13.4,7.32,26.6,0
4/26/15,,,,,,,,,,,,,,,,,,,,4/26/15,917,,4.45,196.2,7.25,26.2,0
5/3/15,,,,,,,,,,,,,,,,,,,,5/3/15,1065,,4.21,-47.2,7.49,27.5,0
5/10/15,,,,,,,,,,,,,,,,,,,,5/10/15,1065,,4.21,-47.2,7.49,27.5,0
5/12/15,5/12/15,6040,1960,2500,0.0223,<0.0400,0.041,<0.05,<0.10,60.2,<0.10,<0.05,<200,,<1,0,0,60.2,0,,,,,,,,
5/17/15,,,,,,,,,,,,,,,,,,,,5/17/15,1077,,3.58,17.4,7.62,25.5,0
5/24/15,,,,,,,,,,,,,,,,,,,,5/24/15,1089,,3.41,-18.3,7.62,27.3,0
5/31/15,,,,,,,,,,,,,,,,,,,,5/31/15,1101,,3.66,-39.7,7.58,25.6,0
6/7/15,,,,,,,,,,,,,,,,,,,,6/7/15,1087,,6.06,93.8,7.57,26.8,0
6/14/15,,,,,,,,,,,,,,,,,,,,6/14/15,1087,,6.06,93.8,7.57,26.8,0
6/21/15,,,,,,,,,,,,,,,,,,,,6/21/15,917,,4.45,196.2,7.25,26.2,0
6/28/15,,,,,,,,,,,,,,,,,,,,6/28/15,1089,,5.76,138.5,7.66,26.4,0
6/30/15,6/30/15,7040,1810,2400,0.0284,0.0671,0.044,<0.05,<0.10,57.2,<0.10,<0.05,<200,,<1,0,0,57.2,0,,,,,,,,
7/5/15,,,,,,,,,,,,,,,,,,,,7/5/15,1359,,5.95,135.9,7.64,26.1,0
7/12/15,,,,,,,,,,,,,,,,,,,,7/12/15,1062,,6.01,147,7.66,26.6,0
7/19/15,,,,,,,,,,,,,,,,,,,,7/19/15,1000,,5.98,185.4,7.69,27.4,0
7/26/15,,,,,,,,,,,,,,,,,,,,7/26/15,1065,,6.07,180.5,7.66,27.1,0
7/30/15,7/30/15,4840,1230,1900,0.0293,0.0417,0.042,<0.05,<0.10,54.4,<0.10,<0.05,<200,,<1,0,0,54.4,0,,,,,,,,
8/2/15,,,,,,,,,,,,,,,,,,,,8/2/15,1072,,6.04,203,7.64,26.9,0
8/9/15,,,,,,,,,,,,,,,,,,,,8/9/15,1004,,6.01,196.4,7.67,27.1,0
8/16/15,,,,,,,,,,,,,,,,,,,,8/16/15,1055,,5.85,207,7.63,27.9,0
8/23/15,,,,,,,,,,,,,,,,,,,,8/23/15,1087,,6.06,93.8,7.57,26.8,0
8/30/15,,,,,,,,,,,,,,,,,,,,8/30/15,1000,,5.98,185.4,7.69,27.4,0
8/31/15,8/31/15,7010,1740,2600,0.212,0.0277,<0.050,<0.100,<0.20,54.1,<0.10,<0.05,<200,,<1,0,0,54.1,0,,,,,,,,
9/6/15,,,,,,,,,,,,,,,,,,,,9/6/15,1049,,5.97,224,7.56,28.2,0
9/13/15,,,,,,,,,,,,,,,,,,,,9/13/15,1037,,6.17,92.8,7.64,26.2,0
9/20/15,,,,,,,,,,,,,,,,,,,,9/20/15,1000,,5.98,185.4,7.69,27.4,0
9/27/15,,,,,,,,,,,,,,,,,,,,9/27/15,1049,,6.01,201,7.6,228.6,0
10/4/15,,,,,,,,,,,,,,,,,,,,10/4/15,1021,,6.11,101,7.6,28.2,0
10/11/15,,,,,,,,,,,,,,,,,,,,10/11/15,1002,,6.35,176.6,7.62,25.9,0
10/15/15,10/15/15,7120,2130,3240,0.0221,0.0327,<0.0500,<0.0500,<0.100,60.4,<0.0200,<0.0200,205,,10,0,0,60.4,0,,,,,,,,
10/18/15,,,,,,,,,,,,,,,,,,,,10/18/15,1055,,6.39,191.2,7.53,27.6,0
10/25/15,,,,,,,,,,,,,,,,,,,,10/25/15,1119,,6.2,193.3,7.37,25,0
11/1/15,,,,,,,,,,,,,,,,,,,,,,,,,,,
11/8/15,,,,,,,,,,,,,,,,,,,,11/8/15,1086,,6.36,178,7.58,24.1,0
11/10/15,,,,,,,,,,,,,,,,,,,,11/10/15,0,,0,0,0,0,0
11/15/15,,,,,,,,,,,,,,,,,,,,11/15/15,0,,0,0,0,0,0
11/18/15,11/18/15,6760,2060,2420,0.0196,0.0184,0.0458,<0.0200,<0.0300,58.7,<0.0200,<0.0200,<20.0,,<1,0,0,58.7,0,,,,,,,,
11/22/15,,,,,,,,,,,,,,,,,,,,,,,,,,,
11/24/15,,,,,,,,,,,,,,,,,,,,11/24/15,9950,,6.52,260,7.4,25.1,0
11/29/15,,,,,,,,,,,,,,,,,,,,11/29/15,0,,0,0,0,0,0
12/6/15,,,,,,,,,,,,,,,,,,,,,,,,,,,
12/7/15,,,,,,,,,,,,,,,,,,,,12/7/15,1134,,6,201,7.44,25.6,0
12/16/15,12/16/15,6420,1710,2080,0.0226,0.0241,0.0636,0.0095,0.0185,45.9,0.0026,<0.00311,19,,<1,0,0,45.9,0,,,,,,,,
12/17/15,,,,,,,,,,,,,,,,,,,,12/17/15,9090,,6.82,222,7.42,24.1,0
12/20/15,,,,,,,,,,,,,,,,,,,,12/23/15,1145,,6.55,235,7.36,22.5,0
12/27/15,,,,,,,,,,,,,,,,,,,,,,,,,,,
12/30/15,,,,,,,,,,,,,,,,,,,,12/30/15,1028,,7.13,195.8,7.47,21.8,0
1/3/16,,,,,,,,,,,,,,,,,,,,,,,,,,,
1/4/16,,,,,,,,,,,,,,,,,,,,1/4/16,1016,,5.38,267,7.46,23.5,0
1/11/16,,,,,,,,,,,,,,,,,,,,1/11/216,933,,4.92,215,7.35,24.1,0
1/17/16,,,,,,,,,,,,,,,,,,,,,,,,,,,
1/22/16,,,,,,,,,,,,,,,,,,,,1/22/16,9.27,,5.02,294,7.25,24.7,0
1/24/16,,,,,,,,,,,,,,,,,,,,,,,,,,,
1/27/16,1/27/16,6240,1700,2040,0.0217,0.0171,0.0406,<0.00544,<0.00391,52.7,0.002,0.146,37,,<1,0,0,52.7,0,1/27/16,927,,7.89,202,7.09,20.8,0
1/31/16,,,,,,,,,,,,,,,,,,,,,,,,,,,
2/7/16,,,,,,,,,,,,,,,,,,,,2/7/16,1031,,7.2,211,7.06,23.1,0
2/8/16,,,,,,,,,,,,,,,,,,,,2/8/16,949,,6.47,214,7.16,24.3,0
2/17/16,,,,,,,,,,,,,,,,,,,,2/17/16,949,,6.47,214,7.16,24.3,0
2/18/16,2/18/16,6280,1840,2130,0.0185,0.0173,0.0269,0.0227,<0.00391,63.6,0.0041,<0.00311,26,,<1,0,0,63.6,0,,,,,,,,
2/26/16,,,,,,,,,,,,,,,,,,,,2/26/16,996,,6.5,224,7.1,27.1,0
2/29/16,,,,,,,,,,,,,,,,,,,,2/29/16,976,,6.18,173.5,7.22,24.9,0
3/6/16,,,,,,,,,,,,,,,,,,,,3/6/16,991,,5.26,211,7.1,25.9,0
3/9/16,,,,,,,,,,,,,,,,,,,,,,,,,,,
3/13/16,,,,,,,,,,,,,,,,,,,,3/13/16,940,,5.2,203,7.34,23.6,0
3/17/16,3/17/16,8200,2340,2670,0.00205,<0.00184,0.0603,<0.00544,0.0104,79.9,0.0151,0.0059,10,,<1,0,0,79.9,0,,,,,,,,
3/20/16,,,,,,,,,,,,,,,,,,,,3/20/16,950,,7.14,177.4,7.13,25.4,0
3/23/16,,,,,,,,,,,,,,,,,,,,,,,,,,,
3/27/16,,,,,,,,,,,,,,,,,,,,3/27/16,0,,0,0,0,0,0
4/3/16,,,,,,,,,,,,,,,,,,,,4/3/16,1081,,6.97,42,7.5,28.1,0
4/5/16,,,,,,,,,,,,,,,,,,,,,,,,,,,
4/10/16,,,,,,,,,,,,,,,,,,,,4/10/16,1064,,7.05,145.7,7.64,24.4,0
4/13/16,4/13/16,8260,1950,2560,0.0167,0.0186,0.0749,<0.00544,<0.00391,76.3,0.012,0.008,30,,<1,0,0,76.3,0,,,,,,,,
4/17/16,,,,,,,,,,,,,,,,,,,,4/17/16,0,,0,0,0,0,0
4/24/16,,,,,,,,,,,,,,,,,,,,4/24/16,1059,,7.1,220,7.47,26.1,0
4/27/16,,,,,,,,,,,,,,,,,,,,,,,,,,,
5/1/16,,,,,,,,,,,,,,,,,,,,5/1/16,1098,,6.65,174,7.51,27.3,0
5/3/16,,,,,,,,,,,,,,,,,,,,,,,,,,,
5/8/16,,,,,,,,,,,,,,,,,,,,5/8/16,1080,,5.93,234,7.55,27.6,0
5/11/16,,,,,,,,,,,,,,,,,,,,,,,,,,,
5/15/16,,,,,,,,,,,,,,,,,,,,5/15/16,1090,,5.84,224,7.56,26.9,0
5/17/16,,,,,,,,,,,,,,,,,,,,,,,,,,,
5/18/16,5/18/16,8340,1860,2560,0.0188,0.0156,0.0498,0.025,0.0404,78.9,0.0168,0.0224,11,,<1,0,0,78.9,0,,,,,,,,
5/22/16,,,,,,,,,,,,,,,,,,,,5/22/16,1075,,5.65,198.2,7.63,27.5,0
5/25/16,,,,,,,,,,,,,,,,,,,,,,,,,,,
5/29/16,,,,,,,,,,,,,,,,,,,,5/29/16,1120,,4.02,153.9,7.47,31.8,0
6/3/16,,,,,,,,,,,,,,,,,,,,,,,,,,,
6/5/16,,,,,,,,,,,,,,,,,,,,6/5/16,947,,5.58,167.7,7.4,28.1,0
6/8/16,,,,,,,,,,,,,,,,,,,,,,,,,,,
6/12/16,,,,,,,,,,,,,,,,,,,,6/12/16,1024,,5.29,154.7,7.46,31.8,0
6/15/16,6/15/16,6760,1750,2420,0.0246,0.0199,<0.000811,0.0722,<0.00391,51.7,0.0108,<0.00311,19,,<1,0,0,51.7,0,,,,,,,,
6/17/16,,,,,,,,,,,,,,,,,,,,,,,,,,,
6/19/16,,,,,,,,,,,,,,,,,,,,6/19/16,1042,,5.43,166.2,7.47,28.4,0
6/22/16,,,,,,,,,,,,,,,,,,,,,,,,,,,
6/26/16,,,,,,,,,,,,,,,,,,,,6/26/16,1073,,5.24,203,7.5,27.9,0
6/30/16,,,,,,,,,,,,,,,,,,,,,,,,,,,
7/3/16,,,,,,,,,,,,,,,,,,,,7/3/16,1023,,5.26,167.2,7.69,28.5,0
7/5/16,,,,,,,,,,,,,,,,,,,,,,,,,,,
7/10/16,,,,,,,,,,,,,,,,,,,,7/10/16,1025,,5.44,180.9,7.54,27.7,0
7/11/16,,,,,,,,,,,,,,,,,,,,,,,,,,,
7/14/16,7/14/16,7180,1940,2590,0.0235,0.0179,<0.000811,0.0494,<0.00391,59,0.0108,0.0236,70,,<1,0,0,59,0,,,,,,,,
7/17/16,,,,,,,,,,,,,,,,,,,,7/17/16,1028,,4.96,100.9,7.58,28.1,0
7/18/16,,,,,,,,,,,,,,,,,,,,,,,,,,,
7/24/16,,,,,,,,,,,,,,,,,,,,7/24/16,1034,,5.48,123.5,7.57,28.3,0
7/26/16,,,,,,,,,,,,,,,,,,,,,,,,,,,
7/31/16,,,,,,,,,,,,,,,,,,,,7/31/16,1027,,5.68,145.3,7.7,26.7,0
8/1/16,,,,,,,,,,,,,,,,,,,,,,,,,,,
8/7/16,,,,,,,,,,,,,,,,,,,,8/7/16,1047,,5.51,85.9,7.59,27,0
8/8/16,,,,,,,,,,,,,,,,,,,,,,,,,,,
8/14/16,,,,,,,,,,,,,,,,,,,,8/14/16,1001,,7.22,75.1,7.72,28.7,0
8/15/16,,,,,,,,,,,,,,,,,,,,,,,,,,,
8/18/16,8/18/16,6260,1710,2240,0.0219,0.0192,<0.000811,<0.00544,<0.00391,49.5,0.0159,0.0092,14,,<1,0,0,49.5,0,,,,,,,,
8/21/16,,,,,,,,,,,,,,,,,,,,8/21/16,971,,6.28,64.4,7.68,27,0
8/24/16,,,,,,,,,,,,,,,,,,,,,,,,,,,
8/28/16,,,,,,,,,,,,,,,,,,,,8/28/16,967,,3.61,9.9,7.6,27.2,0
8/29/16,,,,,,,,,,,,,,,,,,,,,,,,,,,
9/4/16,,,,,,,,,,,,,,,,,,,,9/4/16,957,,3.36,87.6,7.63,26.8,0
9/7/16,,,,,,,,,,,,,,,,,,,,,,,,,,,
9/11/16,,,,,,,,,,,,,,,,,,,,9/11/16,949,,6.38,91.6,7.58,28.1,0
9/12/16,,,,,,,,,,,,,,,,,,,,,,,,,,,
9/18/16,,,,,,,,,,,,,,,,,,,,9/18/16,961,,6.32,54.1,7.61,27.2,0
9/19/16,9/19/16,6360,1680,2290,0.0223,0.0175,0.0139,0.0332,<0.00391,60.7,0.0032,0.0105,28,,<1,0,0,60.7,0,,,,,,,,
9/22/16,,,,,,,,,,,,,,,,,,,,,,,,,,,
9/25/16,,,,,,,,,,,,,,,,,,,,9/25/16,968,,6.58,38.3,7.7,27.7,0
9/26/16,,,,,,,,,,,,,,,,,,,,,,,,,,,
10/2/16,,,,,,,,,,,,,,,,,,,,10/2/16,978,,6.35,150.2,7.61,27.2,0
10/4/16,,,,,,,,,,,,,,,,,,,,,,,,,,,
10/4/16,,,,,,,,,,,,,,,,,,,,,,,,,,,
10/9/16,,,,,,,,,,,,,,,,,,,,10/9/16,1029,,6.77,66.7,7.75,25.2,0
10/16/16,,,,,,,,,,,,,,,,,,,,10/16/16,987,,6.69,203,7.63,25.9,0
10/18/16,,,,,,,,,,,,,,,,,,,,,,,,,,,
10/20/16,10/20/16,5960,1510,2520,0.0216,0.0177,0.0843,0.0174,<0.00391,52,<0.00200,<0.00311,46,,<1,0,0,52,0,,,,,,,,
10/23/16,,,,,,,,,,,,,,,,,,,,10/23/16,1016,,6.7,137.4,7.61,26.5,0
10/24/16,,,,,,,,,,,,,,,,,,,,,,,,,,,
10/30/16,,,,,,,,,,,,,,,,,,,,10/30/16,971,,6.28,64.4,7.68,27,0
10/31/16,,,,,,,,,,,,,,,,,,,,,,,,,,,
11/6/16,,,,,,,,,,,,,,,,,,,,11/6/16,0,,0,0,0,0,0
11/13/16,,,,,,,,,,,,,,,,,,,,11/13/16,991,,6.68,96.9,7.64,25.2,0
11/14/16,,,,,,,,,,,,,,,,,,,,,,,,,,,
11/17/16,11/17/16,6280,1630,2420,0.0154,0.0172,0.0355,0.027,<0.00391,49,<0.0100,0.0152,27,,<1,0,0,49,0,,,,,,,,
11/20/16,,,,,,,,,,,,,,,,,,,,11/20/16,1022,,6.87,97.2,7.69,23.7,0
11/22/16,,,,,,,,,,,,,,,,,,,,,,,,,,,
11/27/16,,,,,,,,,,,,,,,,,,,,11/27/16,0,,0,0,0,0,0
12/1/16,,,,,,,,,,,,,,,,,,,,,,,,,,,
12/4/16,,,,,,,,,,,,,,,,,,,,12/4/16,966,,6.84,232,7.48,23.4,0
12/6/16,,,,,,,,,,,,,,,,,,,,,,,,,,,
12/11/16,,,,,,,,,,,,,,,,,,,,12/11/16,976,,6.98,193.1,7.57,23.8,0
12/15/16,12/15/16,6860,1690,2340,0.0195,0.0157,0.0692,0.0424,<0.00391,57.5,<0.0100,<0.00311,26,,<1,0,0,57.5,0,,,,,,,,
12/16/16,,,,,,,,,,,,,,,,,,,,,,,,,,,
12/18/16,,,,,,,,,,,,,,,,,,,,12/18/16,10.58,,6.62,208,7.51,23.1,0
12/20/16,,,,,,,,,,,,,,,,,,,,,,,,,,,
12/25/16,,,,,,,,,,,,,,,,,,,,12/25/16,10.5,,7.37,175.4,7.37,20.7,0
12/28/16,,,,,,,,,,,,,,,,,,,,,,,,,,,
1/1/17,,,,,,,,,,,,,,,,,,,,1/1/17,1029,,6.77,170.6,7.38,23.5,0
1/4/17,,,,,,,,,,,,,,,,,,,,,,,,,,,
1/8/17,1/8/17,6400,1540,2140,0.0285,0.0145,0.0471,<0.00544,0.245,98.7,<0.0100,<0.00311,22,,<1,<0.000187,2.17,98.7,1.6,1/8/17,1031,,6.7,143.1,7.39,24.3,0
1/10/17,,,,,,,,,,,,,,,,,,,,,,,,,,,
1/15/17,,,,,,,,,,,,,,,,,,,,1/15/17,984,,6.6,184.8,7.44,23.8,0
1/18/17,,,,,,,,,,,,,,,,,,,,,,,,,,,
1/22/17,,,,,,,,,,,,,,,,,,,,1/22/17,984,,6.58,170.4,7.45,24.6,0
1/29/17,,,,,,,,,,,,,,,,,,,,1/29/17,990,,7,162.3,7.49,23.6,0
1/30/17,,,,,,,,,,,,,,,,,,,,,,,,,,,
2/5/17,,,,,,,,,,,,,,,,,,,,2/5/17,1032,,7.09,189.4,7.4,21.6,0
2/8/17,,,,,,,,,,,,,,,,,,,,,,,,,,,
2/12/17,,,,,,,,,,,,,,,,,,,,2/12/17,1032,,6.81,166.3,7.49,23.1,0
2/13/17,,,,,,,,,,,,,,,,,,,,,,,,,,,
2/19/17,,,,,,,,,,,,,,,,,,,,2/19/17,1020,,6.71,155.8,7.53,24.8,0
2/21/17,2/21/17,5740,1680,2310,0.0176,0.0153,0.0351,0.0151,<0.00391,67.2,<0.0100,0.0226,27,,<1,<0.000187,1.85,67.2,0.8,,,,,,,,
2/26/17,,,,,,,,,,,,,,,,,,,,2/26/17,1012,,6.36,151,7.52,25.5,0
2/27/17,,,,,,,,,,,,,,,,,,,,,,,,,,,
3/5/17,,,,,,,,,,,,,,,,,,,,3/5/17,958,,6.5,146.9,7.5,26.2,0
3/12/17,,,,,,,,,,,,,,,,,,,,3/12/17,1055,,6.62,250,7.41,25.9,0
3/13/17,,,,,,,,,,,,,,,,,,,,,,,,,,,
3/17/17,,,,,,,,,,,,,,,,,,,,,,,,,,,
3/19/17,,,,,,,,,,,,,,,,,,,,3/19/17,1050,,6.2,250,7.31,28.6,0
3/21/17,,,,,,,,,,,,,,,,,,,,,,,,,,,
3/26/17,,,,,,,,,,,,,,,,,,,,3/26/17,993,,6.67,273,7.48,25,0
3/29/17,,,,,,,,,,,,,,,,,,,,,,,,,,,
3/30/17,3/30/17,6880,1750,2360,0.0186,0.0135,0.0488,<0.00544,0.0184,39.5,<0.0100,0.0105,28,,<1,<0.000187,2.5,39.5,<0.0600,,,,,,,,
4/2/17,,,,,,,,,,,,,,,,,,,,4/2/17,985,,6.63,262,7.49,26.4,0
4/3/17,,,,,,,,,,,,,,,,,,,,,,,,,,,
4/9/17,,,,,,,,,,,,,,,,,,,,4/9/17,1053,,6.92,271,7.57,22.7,0
4/10/17,,,,,,,,,,,,,,,,,,,,,,,,,,,
4/13/17,4/13/17,7060,1810,2490,0.0201,0.0206,0.025,<0.00544,0.00622,56.2,<0.0100,0.0198,16,,<1,<0.000187,1.87,56.2,<0.0600,,,,,,,,
4/16/17,,,,,,,,,,,,,,,,,,,,4/16/17,981,,6.74,261,7.65,27.4,0
4/17/17,,,,,,,,,,,,,,,,,,,,,,,,,,,
4/23/17,,,,,,,,,,,,,,,,,,,,4/23/17,1018,,6.12,265,7.39,27.1,0
4/24/17,,,,,,,,,,,,,,,,,,,,,,,,,,,
4/30/17,,,,,,,,,,,,,,,,,,,,4/30/17,1060,,6.56,253,7.4,25.5,0
5/1/17,,,,,,,,,,,,,,,,,,,,,,,,,,,
5/7/17,,,,,,,,,,,,,,,,,,,,5/7/17,1033,,6.51,242,7.5,25.2,0
5/8/17,,,,,,,,,,,,,,,,,,,,,,,,,,,
5/8/17,,,,,,,,,,,,,,,,,,,,5/8/17,1041,,6.36,235,7.42,25.4,0
5/14/17,,,,,,,,,,,,,,,,,,,,5/14/17,1033,,6.51,242,7.5,25.2,0
5/15/17,,,,,,,,,,,,,,,,,,,,5/15/17,1041,,6.36,235,7.42,25.4,0
5/18/17,5/18/17,6740,1760,2450,0.0265,0.015,0.0414,<0.00544,0.0138,79.2,<0.0100,<0.00311,33,,<1,<0.000187,1.75,79.2,<0.0600,,,,,,,,
5/22/17,,,,,,,,,,,,,,,,,,,,5/22/17,1035,,6.54,215,7.59,26.3,0
5/28/17,,,,,,,,,,,,,,,,,,,,,,,,,,,
5/31/17,,,,,,,,,,,,,,,,,,,,5/31/17,1034,,6.23,210,7.49,29.5,0
6/4/17,,,,,,,,,,,,,,,,,,,,,,,,,,,
6/5/17,,,,,,,,,,,,,,,,,,,,6/5/17,1050,,6.19,203,7.45,26.8,0
6/11/17,,,,,,,,,,,,,,,,,,,,,,,,,,,
6/13/17,,,,,,,,,,,,,,,,,,,,6/13/17,1035,,6.25,214,7.49,28.6,0
6/18/17,,,,,,,,,,,,,,,,,,,,,,,,,,,
6/19/17,,,,,,,,,,,,,,,,,,,,6/19/17,1032,,6.27,201,7.36,26.9,0
6/22/17,6/22/17,6840,1710,2410,0.0195,0.022,0.0325,<0.00544,<0.00391,62.3,<0.0100,0.0184,11,,<1,<0.000187,0.875,62.3,<0.0600,,,,,,,,
6/25/17,,,,,,,,,,,,,,,,,,,,,,,,,,,
6/26/17,,,,,,,,,,,,,,,,,,,,6/26/17,1059,,6.28,181.1,7.39,27,0
7/2/17,,,,,,,,,,,,,,,,,,,,,,,,,,,
7/5/17,,,,,,,,,,,,,,,,,,,,7/5/17,1021,,6.03,44.7,7.54,27,0
7/9/17,,,,,,,,,,,,,,,,,,,,,,,,,,,
7/11/17,,,,,,,,,,,,,,,,,,,,7/11/17,1031,,6.43,148.9,7.34,27.6,0
7/16/17,,,,,,,,,,,,,,,,,,,,,,,,,,,
7/18/17,,,,,,,,,,,,,,,,,,,,7/18/17,1022,,6.51,194.3,7.37,26.9,0
7/20/17,7/20/17,6340,1850,2470,0.0191,0.0178,0.0468,<0.00544,<0.00391,57.9,<0.0100,0.0133,21,,0,<0.000187,1.04,57.9,<0.0600,,,,,,,,
7/26/17,,,,,,,,,,,,,,,,,,,,7/26/17,1026,,6.62,206,7.36,27.1,0
7/23/17,,,,,,,,,,,,,,,,,,,,,,,,,,,
7/30/17,,,,,,,,,,,,,,,,,,,,,,,,,,,
7/31/17,,,,,,,,,,,,,,,,,,,,7/31/17,1048,,6.23,128.3,7.51,27.4,0
8/6/17,,,,,,,,,,,,,,,,,,,,,,,,,,,
8/7/17,,,,,,,,,,,,,,,,,,,,8/7/17,1027,,6.49,97.6,7.55,26.7,0
8/13/17,,,,,,,,,,,,,,,,,,,,,,,,,,,
8/15/17,,,,,,,,,,,,,,,,,,,,8/15/17,1044,,6.38,111.6,7.54,26.3,0
8/20/17,,,,,,,,,,,,,,,,,,,,,,,,,,,
8/23/17,,,,,,,,,,,,,,,,,,,,8/23/17,1047,,5.76,116.2,7.46,27.4,0
8/27/17,,,,,,,,,,,,,,,,,,,,,,,,,,,
8/28/17,,,,,,,,,,,,,,,,,,,,8/28/17,1003,,6.47,102.3,7.95,24.2,0
9/3/17,,,,,,,,,,,,,,,,,,,,,,,,,,,
9/7/17,,,,,,,,,,,,,,,,,,,,9/7/17,986,,6.04,151.4,7.53,29.1,0
9/10/17,,,,,,,,,,,,,,,,,,,,,,,,,,,
9/11/17,,,,,,,,,,,,,,,,,,,,9/11/17,1040,,6.1,121.4,7.53,26.6,0
9/17/17,,,,,,,,,,,,,,,,,,,,,,,,,,,
9/19/17,,,,,,,,,,,,,,,,,,,,9/19/17,1052,,6.65,125,7.55,25.5,0