Master Date List,Bin 3 Flow Data (gpm),,,Bin 3 Constituent Data (mg/L),,,,,,,,,,,,,,,,,,,Bin 3 Field Data,,,,,,,
,,,,,,,,,,,,,,,,,,,,,,,,,,,,,,
,Date,Bin 3 Inflow,Bin 3 Outflow,Date,Bin 3 TDS,Bin 3 Sulfate,Bin 3 Chloride,Bin 3 Arsenic,Bin 3 Selenium,Bin 3 Chromium,Bin 3 Copper,Bin 3 Zinc,Bin 3 Nitrate,Bin 3 Nitrite,Bin 3 Phosphorus,Bin 3 COD,Bin 3 Boron,Bin 3 Color,Bin 3 Thallium,Bin 3 DOC,Bin 3 Nitrate + Nitrite as N,Bin 3 Sulfide,Date,Bin 3 Conductivity S/m,Bin 3 Conductivity µS/cm,Bin 3 DO mg/L,Bin 3 ORP (mV),Bin 3 pH,Bin 3 Temp. Celsius,Bin 3 H2S mg/L
10/20/10,10/20/10,0.56,0.3359375,,,,,,,,,,,,,,,,,,,,,,,,,,,
10/21/10,10/21/10,0.3,0.3359375,,,,,,,,,,,,,,,,,,,,,,,,,,,
11/1/10,11/1/10,0.16,0.11875,,,,,,,,,,,,,,,,,,,,,,,,,,,
11/2/10,11/2/10,0.16,0.109375,,,,,,,,,,,,,,,,,,,,,,,,,,,
11/4/10,11/4/10,0.17,0.10625,,,,,,,,,,,,,,,,,,,,,,,,,,,
11/8/10,11/8/10,0.16,0.121875,,,,,,,,,,,,,,,,,,,,,,,,,,,
11/9/10,11/9/10,0.33,0.284375,,,,,,,,,,,,,,,,,,,,,,,,,,,
11/10/10,11/10/10,0.33,0.28125,,,,,,,,,,,,,,,,,,,,,,,,,,,
11/15/10,11/15/10,0.34,0.296875,,,,,,,,,,,,,,,,,,,,,,,,,,,
11/16/10,11/16/10,0.24,0.203125,,,,,,,,,,,,,,,,,,,,,,,,,,,
11/17/10,11/17/10,0.23,0.1953125,,,,,,,,,,,,,,,,,,,,,,,,,,,
11/19/10,11/19/10,0.22,0.1875,,,,,,,,,,,,,,,,,,,,,,,,,,,
11/22/10,11/22/10,0.23,0.2,,,,,,,,,,,,,,,,,,,,,,,,,,,
11/23/10,11/23/10,0.22,0.196875,,,,,,,,,,,,,,,,,,,,,,,,,,,
11/24/10,11/24/10,0.23,0.2015625,,,,,,,,,,,,,,,,,,,,,,,,,,,
11/29/10,11/29/10,0.23,0.1953125,,,,,,,,,,,,,,,,,,,,,,,,,,,
12/1/10,12/1/10,0.25,0.21875,,,,,,,,,,,,,,,,,,,,,,,,,,,
12/2/10,12/2/10,0.28,0.2375,,,,,,,,,,,,,,,,,,,,,,,,,,,
12/6/10,12/6/10,0.28,0.2421875,,,,,,,,,,,,,,,,,,,,,,,,,,,
12/8/10,12/8/10,0.28,0.25,,,,,,,,,,,,,,,,,,,,,,,,,,,
12/14/10,12/14/10,0.28,0.2796875,12/14/10,7960,1990,2560,0.0255,0.0256,0.025,0.05,0.3,56,0.6,,110,,,,,,,12/14/10,,9401,,49,7.17,19.5,
12/21/10,12/21/10,0.28,0.25390625,,,,,,,,,,,,,,,,,,,,,,,,,,,
12/23/10,12/23/10,0.23,0.234375,,,,,,,,,,,,,,,,,,,,,,,,,,,
1/5/11,1/5/11,0.25,0.2078125,,,,,,,,,,,,,,,,,,,,1/5/11,,9196,,201,7.32,13.4,
1/6/11,1/6/11,0.23,0.21875,,,,,,,,,,,,,,,,,,,,,,,,,,,
1/10/11,1/10/11,0.23,0.21875,,,,,,,,,,,,,,,,,,,,,,,,,,,
1/12/11,1/12/11,0.23,0.203125,,,,,,,,,,,,,,,,,,,,,,,,,,,
1/13/11,1/13/11,0.22,0.203125,,,,,,,,,,,,,,,,,,,,1/13/11,,9852,,183,7.32,22.5,
1/20/11,1/20/11,0.23,0.190625,1/20/11,8150,2050,2640,0.024,0.0276,0.005,0.01,0.06,59,0.5,0.064,310,,,,,,,1/20/11,,9416,,182,7.28,16.6,
1/21/11,1/21/11,0.23,0.203125,,,,,,,,,,,,,,,,,,,,,,,,,,,
1/24/11,1/24/11,0.22,0.2,,,,,,,,,,,,,,,,,,,,1/24/11,,9343,,178,7.28,17.3,
1/25/11,1/25/11,0.1,0.109375,,,,,,,,,,,,,,,,,,,,,,,,,,,
1/26/11,1/26/11,0.13,0.1015625,,,,,,,,,,,,,,,,,,,,,,,,,,,
1/28/11,1/28/11,0.1,0.1015625,,,,,,,,,,,,,,,,,,,,,,,,,,,
2/1/11,2/1/11,0.1,0.09375,,,,,,,,,,,,,,,,,,,,,,,,,,,
2/2/11,2/2/11,0.1,0.09375,,,,,,,,,,,,,,,,,,,,,,,,,,,
2/4/11,2/4/11,0.13,0.1203125,,,,,,,,,,,,,,,,,,,,2/4/11,,9083,,209,7.32,17.8,
2/9/11,2/9/11,0.12,0.0921875,,,,,,,,,,,,,,,,,,,,,,,,,,,
2/11/11,2/11/11,0.1,0.1015625,,,,,,,,,,,,,,,,,,,,2/11/11,,8556,,181,7.48,18.9,
2/14/11,2/14/11,0.1,,,,,,,,,,,,,,,,,,,,,,,,,,,,
2/22/11,2/22/11,0.1,0.1015625,,,,,,,,,,,,,,,,,,,,2/22/11,,8682,,191,7.29,18.8,
3/2/11,3/2/11,0.11,0.0921875,3/2/11,7160,1710,2400,0.0277,0.0227,0.005,0.01,0.06,51,0.6,0.05,380,,,,,,,3/2/11,,8561,3.75,185,7.28,18.7,
3/9/11,3/9/11,0.13,0.10625,,,,,,,,,,,,,,,,,,,,3/9/11,,8783,7.2,-116,7.26,17.3,
3/11/11,3/11/11,0.1,0.0734375,,,,,,,,,,,,,,,,,,,,3/11/11,,8610,6.55,176,7.23,25.9,
3/18/11,3/18/11,0.04,0.0515625,,,,,,,,,,,,,,,,,,,,3/18/11,,8969,4.74,160,7.28,27.2,
3/25/11,3/25/11,0.1,0.06875,,,,,,,,,,,,,,,,,,,,3/25/11,,8815,4.31,159,7.23,22.3,
4/3/11,,,,4/3/11,7540,,,0.0296,0.0274,0.005,0.01,0.06,,,0.035,,,,,,,,,,,,,,,
4/8/11,4/8/11,0.1,0.071875,,,,,,,,,,,,,,,,,,,,4/8/11,,8852,,165,7.42,19.7,
4/20/11,4/20/11,0.1,0.0703125,,,,,,,,,,,,,,,,,,,,4/20/11,,9855,3.19,164,7.25,27.1,
5/2/11,5/2/11,0.1,0.0703125,,,,,,,,,,,,,,,,,,,,5/2/11,,10990,2.25,145,7.15,22.2,
5/5/11,,,,5/5/11,9530,2500,3270,0.0241,0.0383,0.005,,,43,1.1,0.036,320,,,,,,,,,,,,,,
5/9/11,5/9/11,0.1,0.06953125,,,,,,,,,,,,,,,,,,,,5/9/11,,11970,3.62,170,7.09,22.2,
5/16/11,5/16/11,0.1,0.0671875,,,,,,,,,,,,,,,,,,,,5/16/11,,11930,3.83,-124,7.11,27.1,
5/20/11,5/20/11,0.09,0.075,,,,,,,,,,,,,,,,,,,,5/20/11,,11540,2.63,-70,7.05,25.3,
5/27/11,5/27/11,0.1,0.075,5/27/11,,,,0.0242,0.0426,,,,42,,,,,,,,,,5/27/11,,11480,4.97,150,6.98,27.1,
6/3/11,6/3/11,0.12,0.08125,,,,,,,,,,,,,,,,,,,,6/3/11,,11520,2.2,-153,7.23,28.8,
6/8/11,6/8/11,0.1,0.07421875,,,,,,,,,,,,,,,,,,,,,,,,,,,
6/10/11,,,,,,,,,,,,,,,,,,,,,,,6/10/11,,10096,1.18,-148,7.04,29.3,
6/17/11,6/17/11,0.1,0.06640625,,,,,,,,,,,,,,,,,,,,6/17/11,,10080,2.08,-16,7.02,29.5,
6/24/11,6/24/11,0.1,0.0515625,6/24/11,8890,,,0.0229,0.0289,0.005,,,,,0.049,,,,,,,,6/24/11,,10790,1.9,13,7.32,29.8,
7/1/11,7/1/11,0.08,0.04765625,,,,,,,,,,,,,,,,,,,,7/1/11,,10410,2.22,-46,7.23,32,
7/8/11,7/8/11,0.08,0.02734375,,,,,,,,,,,,,,,,,,,,7/8/11,,10860,3.45,-67,7.11,34.3,
7/15/11,7/15/11,0.1,0.0828125,,,,,,,,,,,,,,,,,,,,7/15/11,,10800,1.51,-133,7.03,32.4,
7/22/11,7/22/11,0.1,0.078125,7/22/11,9010,2270,3080,0.0226,0.0328,0.005,,,27,,0.02,140,,,,,,,7/22/11,,10990,2.28,-169,7.01,33.8,
7/25/11,7/25/11,0.1,0.08515625,,,,,,,,,,,,,,,,,,,,,,,,,,,
7/27/11,7/27/11,0.1,0.0796875,,,,,,,,,,,,,,,,,,,,,,,,,,,
7/29/11,7/29/11,0.1,0.0921875,,,,,,,,,,,,,,,,,,,,7/29/11,,10300,2.52,31,6.98,33.4,
8/1/11,8/1/11,0.1,0.08203125,,,,,,,,,,,,,,,,,,,,,,,,,,,
8/3/11,8/3/11,0.1,0.0828125,,,,,,,,,,,,,,,,,,,,,,,,,,,
8/5/11,8/5/11,0.13,0.11171875,,,,,,,,,,,,,,,,,,,,8/5/11,,10440,2.98,-83,7.04,35,
8/8/11,8/8/11,0.13,0.10703125,,,,,,,,,,,,,,,,,,,,,,,,,,,
8/10/11,8/10/11,0.08,0.078125,,,,,,,,,,,,,,,,,,,,8/10/11,,10150,5.68,-140,7.06,34.6,
8/18/11,8/18/11,0.11,0.10859375,,,,,,,,,,,,,,,,,,,,8/18/11,,10150,2.46,-47,7.05,35.8,
8/26/11,8/26/11,0.12,0.1015625,8/26/11,8650,2100,2830,0.0197,0.0145,0.005,,,33,,0.1,190,,,,,,,8/26/11,,10060,2.36,-167,7.17,35.3,
9/2/11,9/2/11,0.1,0.0828125,,,,,,,,,,,,,,,,,,,,9/2/11,,10180,2.64,-171,7.05,33.5,
9/9/11,9/9/11,0.1,0.09296875,,,,,,,,,,,,,,,,,,,,9/9/11,,10050,3.77,-171,7.24,32.5,
9/9/11,9/9/11,0.1,0.090625,9/9/11,,,,0.0197,0.0142,,,,31,,,,,,,,,,,,,,,,,
9/16/11,9/16/11,0.1,0.09375,,,,,,,,,,,,,,,,,,,,9/16/11,,9931,2.21,-145,7.05,32.4,
9/22/11,9/22/11,0.1,0.0953125,,,,,,,,,,,,,,,,,,,,9/22/11,,9854,6.23,-139,7.09,31.4,
9/23/11,,,,9/23/11,8540,2070,2780,0.0223,0.0157,0.005,,,37,,0.1,97,,,,,,,,,,,,,,
9/29/11,9/29/11,0.1,0.0875,,,,,,,,,,,,,,,,,,,,9/29/11,,9667,3.02,-138,7.08,31,
10/6/11,10/6/11,0.06,0.07578125,,,,,,,,,,,,,,,,,,,,10/6/11,,10660,2.89,-130,7.16,26.6,
10/7/11,10/7/11,0.12,0.10625,,,,,,,,,,,,,,,,,,,,,,,,,,,
10/13/11,10/13/11,0.1,0.1015625,,,,,,,,,,,,,,,,,,,,10/13/11,,9871,2.39,-111,7.05,27,
10/14/11,,,,10/14/11,,,,0.023,0.0148,,,,40,,,,,,,,,,,,,,,,,
10/20/11,10/20/11,0.09,0.078125,,,,,,,,,,,,,,,,,,,,10/20/11,,10030,4.25,-119,7.05,26.8,
10/25/11,10/25/11,0.09,0.0875,,,,,,,,,,,,,,,,,,,,10/25/11,,10050,3.51,-97,7.09,26.5,
10/28/11,,,,10/28/11,8200,2060,2730,0.0239,0.016,0.005,,,44,,,120,,,,,,,,,,,,,,
11/1/11,11/1/11,0.1,0.0921875,,,,,,,,,,,,,,,,,,,,11/1/11,,9912,3.68,-141,7.13,24.1,
11/8/11,11/8/11,0.1,0.0953125,,,,,,,,,,,,,,,,,,,,11/8/11,,9741,4.38,-104,7.18,19.1,
11/17/11,11/17/11,0.09,0.0859375,,,,,,,,,,,,,,,,,,,,11/17/11,,9813,2.65,-64,7.12,20.1,
11/18/11,,,,11/18/11,8300,2090,2760,0.0257,0.0163,,,,42,,0.1,300,,,,,,,,,,,,,,
11/22/11,11/22/11,0.13,0.1171875,,,,,,,,,,,,,,,,,,,,11/22/11,,9745,3.4,-103,7.15,19.6,
11/29/11,11/29/11,0.1,0.0890625,,,,,,,,,,,,,,,,,,,,11/29/11,,9082,4.32,-215,7.19,17.7,
12/6/11,12/6/11,0.1,0.0875,,,,,,,,,,,,,,,,,,,,12/6/11,,10160,,-69,7.34,13.9,
12/15/11,12/15/11,0.09,0.09375,,,,,,,,,,,,,,,,,,,,12/15/11,,10000,5.64,10,7.26,14,
12/16/11,,,,12/16/11,8770,2210,2770,0.0228,0.0187,0.005,,,52,,0.1,180,,,,,,,,,,,,,,
12/22/11,12/22/11,0.1,0.096875,,,,,,,,,,,,,,,,,,,,12/22/11,,10290,,-51,7.23,12.9,
1/6/12,1/6/12,0.1,0.090625,,,,,,,,,,,,,,,,,,,,1/6/12,,9921,,-30,7.24,15.1,
1/11/12,1/11/12,0.1,0.0890625,,,,,,,,,,,,,,,,,,,,1/11/12,,9981,4.63,-18,7.1,13.8,
1/19/12,1/19/12,0.1,0.09765625,,,,,,,,,,,,,,,,,,,,1/19/12,,10080,,4,7.26,15.3,
1/20/12,,,,1/20/12,,,,0.0216,0.0185,,,,57,,,,,,,,,,,,,,,,,
1/25/12,1/25/12,0.1,0.08125,,,,,,,,,,,,,,,,,,,,1/25/12,,10030,,-54,7.38,14.9,
1/31/12,1/31/12,0.1,0.10390625,,,,,,,,,,,,,,,,,,,,1/31/12,,10140,4.38,-43,7.25,16.8,
2/6/12,2/6/12,0.12,0.1015625,,,,,,,,,,,,,,,,,,,,2/6/12,,10190,4.26,-54,7.13,16.3,
2/10/12,,,,2/10/12,,,,0.0216,0.0179,,,,54,,,,,,,,,,,,,,,,,
2/16/12,2/16/12,0.06,0.0859375,,,,,,,,,,,,,,,,,,,,2/16/12,,10310,,3,7.12,16.7,
2/22/12,2/22/12,0.1,0.08671875,,,,,,,,,,,,,,,,,,,,2/22/12,,10070,3.25,-14,7.33,18.1,
2/24/12,,,,2/24/12,8600,2240,2820,,,,,,55,,,1100,,,,,,,,,,,,,,
2/28/12,2/28/12,0.1,0.10625,,,,,,,,,,,,,,,,,,,,2/28/12,,10390,4.22,-7,7.21,17.2,
3/7/12,3/7/12,0.12,0.096875,,,,,,,,,,,,,,,,,,,,3/7/12,,10260,4.97,-30,7.23,16.6,
3/9/12,,,,3/9/12,,,,0.0236,0.0192,,,,54,,,,,,,,,,,,,,,,,
3/15/12,3/15/12,0.1,0.075,,,,,,,,,,,,,,,,,,,,3/15/12,,10230,4.57,7,7.32,20.2,
3/21/12,3/21/12,0.1,0.0890625,,,,,,,,,,,,,,,,,,,,3/21/12,,10180,,0,7.28,18.3,
3/23/12,,,,3/23/12,8740,2300,2870,0.0206,0.0186,0.005,,,54,,0.1,160,,,,,,,,,,,,,,
3/29/12,3/29/12,0.1,0.0875,,,,,,,,,,,,,,,,,,,,3/29/12,,10240,3.59,-29,7.36,21.9,
4/12/12,4/12/12,0.1,0.071875,,,,,,,,,,,,,,,,,,,,4/12/12,,10230,4.14,-102,7.1,21.4,
4/13/12,,,,4/13/12,8900,2340,2950,0.0218,0.0198,0.01,,,54,,0.1,220,,,,,,,,,,,,,,
5/9/12,5/9/12,0.12,0.090625,,,,,,,,,,,,,,,,,,,,5/9/12,,10910,3.26,-144,7.06,27.2,
5/11/12,,,,5/11/12,,,,0.021,0.0196,,,,51,,,,,,,,,,,,,,,,,
5/23/12,5/23/12,0.1,0.075,,,,,,,,,,,,,,,,,,,,5/23/12,,10860,,-249,7.03,28.4,
5/25/12,,,,5/25/12,,,,,,,,,,,,,,,,,,,,,,,,,,
5/30/12,5/30/12,0.12,0.07890625,,,,,,,,,,,,,,,,,,,,5/30/12,,10950,2.25,-235,7.01,27.6,
6/8/12,6/8/12,0.1,0.0625,,,,,,,,,,,,,,,,,,,,6/8/12,,10980,3.82,-137,7.18,28.7,
6/27/12,6/27/12,0.1,0.05,,,,,,,,,,,,,,,,,,,,6/27/12,,11500,3.07,-229,7.06,33.1,
6/28/12,,,,6/28/12,,,,0.0146,0.0125,,,,40,,,,,,,,,,,,,,,,,
7/6/12,7/6/12,0.1,0.046875,,,,,,,,,,,,,,,,,,,,7/6/12,,11690,3.25,-247,7.02,31.9,
7/11/12,7/11/12,0.08,0.046875,,,,,,,,,,,,,,,,,,,,7/11/12,,11660,3.24,-131,7.03,33,
7/13/12,,,,7/13/12,10400,2590,3560,0.02,0.02,0.01,,,33,2,0.1,200,,,,,,,,,,,,,,
7/20/12,7/20/12,0.1,0.0578125,,,,,,,,,,,,,,,,,,,,7/20/12,,13580,5.44,-205,6.98,32,
7/27/12,7/27/12,0.1,0.0546875,,,,,,,,,,,,,,,,,,,,7/27/12,,,,,,,
8/3/12,8/3/12,0.12,0.065625,,,,,,,,,,,,,,,,,,,,8/3/12,,11020,3.37,-237,7.05,32.5,
8/8/12,8/8/12,0.1,0.0515625,,,,,,,,,,,,,,,,,,,,8/8/12,,11320,3.54,-188,6.96,34.2,
8/15/12,8/15/12,0.08,0.05234375,8/15/12,,,,0.0176,0.0112,,,,35,,,,,,,,,,8/15/12,,12010,5.64,-153,7.11,32.1,
8/27/12,8/27/12,0.13,0.0734375,,,,,,,,,,,,,,,,,,,,8/27/12,,10620,3.33,-163,7.01,31.9,
8/29/12,,,,8/29/12,9160,2470,3080,0.0206,0.0109,0.01,,,32,,0.1,210,,,,,,,,,,,,,,
9/12/12,9/12/12,0.1,0.0765625,,,,,,,,,,,,,,,,,,,,9/12/12,,10290,4.93,-142,7.03,29.8,
9/19/12,9/19/12,0.1,0.0625,,,,,,,,,,,,,,,,,,,,9/19/12,,10320,,-154,6.99,29.2,
9/25/12,9/25/12,0.1,0.0578125,,,,,,,,,,,,,,,,,,,,9/25/12,,10270,,-182,7.16,27.8,
9/26/12,,,,9/26/12,8810,2140,2930,0.0179,0.0117,0.015,,,39,,0.1,150,,,,,,,,,,,,,,
10/31/12,,,,10/31/12,8560,2160,2860,0.0215,0.0157,0.005,,,48,,0.1,140,1.17,,,,,,,,,,,,,
11/2/12,11/2/12,0.1,0.0546875,,,,,,,,,,,,,,,,,,,,11/2/12,,9870,,-70,7.36,23.3,
11/9/12,11/9/12,0.1,0.05390625,,,,,,,,,,,,,,,,,,,,11/9/12,,9876,,-177,6.98,19.9,
11/20/12,11/20/12,0.1,0.05625,,,,,,,,,,,,,,,,,,,,11/20/12,,9768,,-43,7.13,17.9,
11/27/12,11/27/12,0.1,0.0453125,,,,,,,,,,,,,,,,,,,,11/27/12,,9705,,-46,7.08,17.6,
11/28/12,,,,11/28/12,8440,2060,2710,0.021,0.0154,0.02,,,51,,0.1,200,1.07,,,,,,,,,,,,,
12/13/12,12/13/12,0.1,0.0625,,,,,,,,,,,,,,,,,,,,12/13/12,,,,,,,
12/19/12,12/19/12,0.1,0.07265625,12/19/12,8290,2130,2760,0.0207,0.0145,0.005,,,50,,0.1,150,1.04,,,,,,12/19/12,,9640,,46,7.09,12.8,
1/23/13,1/23/13,0.1,0.0546875,,,,,,,,,,,,,,,,,,,,1/23/13,,9982,,12,7.13,13.1,
2/1/13,2/1/13,0.09,0.05390625,,,,,,,,,,,,,,,,,,,,2/1/13,,10000,,-14,6.97,12.6,
2/6/13,,,,2/6/13,9530,2810,3220,0.0101,0.0161,0.005,,,4.1,0.23,1.8,400,,,,,,,,,,,,,,
2/22/13,2/22/13,0.08,0.053125,,,,,,,,,,,,,,,,,,,,2/22/13,,10250,,79,6.99,14,
2/27/13,2/27/13,0.1,0.0546875,,,,,,,,,,,,,,,,,,,,2/27/13,,9974,,-19,7.09,14.6,
3/7/13,3/7/13,0.1,0.0546875,,,,,,,,,,,,,,,,,,,,3/7/13,,9314,,-80,6.91,17.7,
3/13/13,,,,3/13/13,8610,2290,2850,0.0224,0.0187,0.015,,,58,,,600,,,,,,,,,,,,,,
3/15/13,3/15/13,0.08,0.05,,,,,,,,,,,,,,,,,,,,3/15/13,,9657,,56,6.94,21.4,
3/22/13,3/22/13,0.1,0.05,,,,,,,,,,,,,,,,,,,,3/22/13,,9897,,131,6.07,22.9,
3/28/13,3/28/13,0.09,0.0484375,,,,,,,,,,,,,,,,,,,,3/28/13,,9455,,44,6.88,22.2,
4/8/13,4/8/13,0.1,0.04375,,,,,,,,,,,,,,,,,,,,4/8/13,,8923,,-35,6.76,21.9,
4/24/13,,,,4/24/13,8630,2220,2830,0.0213,0.0136,0.015,,,54,,0.1,160,,,,,,,,,,,,,,
4/25/13,4/25/13,0.09,0.03125,,,,,,,,,,,,,,,,,,,,4/25/13,,9460,,88,6.67,21.9,
5/1/13,5/1/13,0.1,0.03125,,,,,,,,,,,,,,,,,,,,5/1/13,,9592,,-69,6.9,25.4,
5/10/13,5/10/13,0.1,0.0171875,5/10/13,,2190,2870,0.0206,0.0132,0.015,,,51,,,,,,,,,,5/10/13,,9548,,-63,6.74,26,
5/14/13,5/14/13,0.1,0.01171875,,,,,,,,,,,,,,,,,,,,5/14/13,,9901,,10,6.9,29.2,
5/22/13,5/22/13,0.1,0.0109375,,,,,,,,,,,,,,,,,,,,5/22/13,,10100,,65,7.07,31.2,
5/29/13,,,,5/29/13,,,,,,,,,,,,,,,,,,,,,,,,,,
5/31/13,5/31/13,0.08,,,,,,,,,,,,,,,,,,,,,5/31/13,,,,,,,
6/5/13,6/5/13,0.12,0.0140625,,,,,,,,,,,,,,,,,,,,6/5/13,,11170,,167,6.78,33,
6/14/13,6/14/13,0.09,,6/14/13,,,,,,,,,,,,,,,,,,,6/14/13,,,,,,,
6/19/13,6/19/13,0.08,0.0125,6/19/13,,,,,,,,,,,,,,,,,,,6/19/13,,,,,,,
6/26/13,6/26/13,0.09,,6/26/13,,,,,,,,,,,,,,,,,,,,,,,,,,
6/29/13,,,,,,,,,,,,,,,,,,,,,,,6/29/13,,,,,,,
7/3/13,7/3/13,0.1,,,,,,,,,,,,,,,,,,,,,7/3/13,,,,,,,
7/24/13,7/24/13,0.17,0.0484375,7/24/13,,,,,,,,,,,,,,,,,,,7/24/13,,15430,,-116,6.37,,
7/31/13,,,,7/31/13,10300,2600,3580,0.0234,0.0085,0.015,,,30,,0.1,,,,,,,,,,,,,,,
8/7/13,8/7/13,0.1,,,,,,,,,,,,,,,,,,,,,8/7/13,,,,,,,
8/14/13,8/14/13,0.14,0.125,,,,,,,,,,,,,,,,,,,,8/14/13,,11360,,-47,6.62,29.8,
8/21/13,8/21/13,0.21,0.15625,,,,,,,,,,,,,,,,,,,,8/21/13,,10520,,-61,6.65,30.1,
8/28/13,,,,8/28/13,8860,2180,3040,0.0229,0.0124,0.015,,,41,,0.1,140,,,,,,,,,,,,,,
9/4/13,9/4/13,0.1,0.05,,,,,,,,,,,,,,,,,,,,9/4/13,,10670,,-81,6.76,32,
9/11/13,9/11/13,0.14,0.140625,,,,,,,,,,,,,,,,,,,,9/11/13,,9753,,-89,6.45,28.9,
9/18/13,9/18/13,0.1,0.0734375,9/18/13,,,,0.0231,0.0136,,,,,,,,,,,,,,9/18/13,,10160,,-53,6.17,28.4,
9/25/13,9/25/13,0.1,0.0765625,9/25/13,8910,2160,2960,0.023,0.0141,0.015,,,46,,0.1,140,,,,,,,9/25/13,,10080,,-18,6.28,26.6,
10/17/13,10/17/13,0.14,0.1234375,,,,,,,,,,,,,,,,,,,,10/17/13,,10380,,-14,5.95,20.7,
10/23/13,10/23/13,0.09,0.06875,10/23/13,,,,0.0215,0.0154,,,,,,,,,,,,,,10/23/13,,9782,,-42,6.57,21.1,
10/30/13,,,,10/30/13,8500,2180,2820,0.0202,0.0151,0.015,,,52,,0.1,210,,,,,,,,,,,,,,
11/1/13,11/1/13,0.14,0.1046875,,,,,,,,,,,,,,,,,,,,11/1/13,,9612,,-14,6.17,18.7,
11/6/13,11/6/13,0.1,0.078125,,,,,,,,,,,,,,,,,,,,11/6/13,,9639,,41,6.6,17.8,
12/13/13,12/13/13,0.1,0.08828125,,,,,,,,,,,,,,,,,,,,,,,,,,,
12/19/13,,,,12/19/13,,,,,,,,,,,,,,,,,,,,,,,,,,
12/24/13,12/24/13,0.1,0.078125,,,,,,,,,,,,,,,,,,,,,,,,,,,
1/10/14,1/10/14,0.1,0.06875,,,,,,,,,,,,,,,,,,,,,,,,,,,
1/17/14,1/17/14,0.04,0.0625,,,,,,,,,,,,,,,,,,,,,,,,,,,
1/24/14,1/24/14,0.09,0.09375,,,,,,,,,,,,,,,,,,,,,,,,,,,
1/29/14,1/29/14,0.12,0.1046875,,,,,,,,,,,,,,,,,,,,,,,,,,,
2/7/14,2/7/14,0.12,0.0984375,,,,,,,,,,,,,,,,,,,,,,,,,,,
2/12/14,2/12/14,0.14,0.10703125,,,,,,,,,,,,,,,,,,,,,,,,,,,
2/28/14,2/28/14,0.08,0.078125,,,,,,,,,,,,,,,,,,,,,,,,,,,
3/7/14,3/7/14,0.1,0.08984375,,,,,,,,,,,,,,,,,,,,,,,,,,,
3/12/14,3/12/14,0.1,0.1046875,,,,,,,,,,,,,,,,,,,,,,,,,,,
3/21/14,3/21/14,0.08,0.0859375,,,,,,,,,,,,,,,,,,,,,,,,,,,
3/28/14,3/28/14,0.1,,,,,,,,,,,,,,,,,,,,,,,,,,,,
4/18/14,4/18/14,0.09,0.0828125,,,,,,,,,,,,,,,,,,,,,,,,,,,
1/29/15,,,,1/29/15,8660,2480,2900,<0.050,0.105,<0.005,<0.01,<0.02,63.9,<0.10,<0.05,<200,,20,0,0,63.9,0,1/29/15,8660,,,,7.5,17.2,
4/7/15,,,,4/7/15,8880,2440,2960,0.0576,0.0839,<0.050,<0.10,<0.20,64.4,<0.10,0.05,<100,,25,0,0,64.4,0,4/7/15,8880,,,,8.1,19.1,
4/19/15,4/19/15,0.15,0.14,,,,,,,,,,,,,,,,,,,,4/19/15,1204,,2.21,-97.8,7.21,21.9,0
4/26/15,4/26/15,0.15,0.156,,,,,,,,,,,,,,,,,,,,4/26/15,1194,,2.93,40,7.21,22.4,0
5/3/15,5/3/15,0.15,0.125,,,,,,,,,,,,,,,,,,,,5/3/15,1119,,2.6,134.7,7.16,25.1,0
5/10/15,5/10/15,0.15,0.125,,,,,,,,,,,,,,,,,,,,5/10/15,1119,,2.6,134,7.16,25.1,0
5/12/15,,,,5/12/15,7080,2430,3000,0.0273,0.0578,<0.025,<0.05,<0.10,66.7,<0.10,<0.05,<200,,20,0,0,66.7,0,,,,,,,,
5/17/15,5/17/15,0.15,0.125,,,,,,,,,,,,,,,,,,,,5/17/15,1184,,3.02,-75.4,7.34,27.5,0
5/24/15,5/24/15,0.15,0.14,,,,,,,,,,,,,,,,,,,,5/24/15,1196,,2.2,21.9,7.23,26.6,0
5/31/15,5/31/15,0.15,0.14,,,,,,,,,,,,,,,,,,,,5/31/15,1185,,3.61,-103.7,7.14,24.6,0
6/7/15,6/7/15,0.15,0.125,,,,,,,,,,,,,,,,,,,,6/7/15,1193,,6.17,-98.9,7.22,26.4,0
6/14/15,6/14/15,0.15,0.125,,,,,,,,,,,,,,,,,,,,6/14/15,1193,,6.17,-98.9,7.22,26.4,0
6/21/15,6/21/15,0.15,0.156,,,,,,,,,,,,,,,,,,,,6/21/15,1194,,2.93,40,7.21,22.4,0
6/28/15,6/28/15,0.15,0.156,,,,,,,,,,,,,,,,,,,,6/28/15,1242,,4.89,41.9,7.26,27.7,0
6/30/15,,,,6/30/15,8410,2170,3000,0.0298,0.0616,<0.025,<0.05,<0.10,53.3,0.4,<0.05,<200,,35,0,0,53.7,0,,,,,,,,
7/5/15,7/5/15,0.15,0.101,,,,,,,,,,,,,,,,,,,,7/5/15,1251,,5.04,36.1,7.27,27.4,0
7/12/15,7/12/15,0.15,0.078,,,,,,,,,,,,,,,,,,,,7/12/15,1249,,5.33,-119.9,7.28,30.5,0
7/19/15,7/19/15,0.15,0.101,,,,,,,,,,,,,,,,,,,,7/19/15,1198,,4.43,-95.5,7.4,29.9,0
7/26/15,7/26/15,0.15,0.07,,,,,,,,,,,,,,,,,,,,7/26/15,1254,,4.88,-40.2,7.36,29.1,0
7/30/15,,,,7/30/15,8520,2240,3300,0.033,0.0474,<0.025,<0.050,<0.10,46,0.46,<0.05,<200,,40,0,0,46.5,0,,,,,,,,
8/2/15,8/2/15,0.15,0.109,,,,,,,,,,,,,,,,,,,,8/2/15,1259,,4.21,-94.2,7.35,28,0
8/9/15,8/9/15,0.15,0.109,,,,,,,,,,,,,,,,,,,,8/9/15,1207,,4.39,-111.7,7.41,29.7,0
8/16/15,8/16/15,0.2,0.125,,,,,,,,,,,,,,,,,,,,8/16/15,1211,,5.43,-130.9,7.35,30.6,0
8/23/15,8/23/15,0.15,0.101,,,,,,,,,,,,,,,,,,,,8/23/15,1259,,4.21,-94.2,7.35,28,0
8/30/15,8/30/15,0.15,0.101,,,,,,,,,,,,,,,,,,,,8/30/15,1198,,4.43,-95.5,7.4,29.9,0
8/31/15,,,,8/31/15,8330,2100,3000,0.0233,<0.0400,<0.025,<0.050,<0.10,49.2,0.4,<0.05,<200,,35,0,0,49.6,0,,,,,,,,
9/6/15,9/6/15,0.15,0.093,,,,,,,,,,,,,,,,,,,,9/6/15,1191,,4.09,-83,7.42,29.3,0
9/13/15,9/13/15,0.15,0.125,,,,,,,,,,,,,,,,,,,,9/13/15,1173,,4.37,-78.4,7.39,27.6,0
9/20/15,9/20/15,0.15,0.109,,,,,,,,,,,,,,,,,,,,9/20/15,1198,,4.43,-95.5,7.4,29.9,0
9/27/15,9/27/15,0.15,0.125,,,,,,,,,,,,,,,,,,,,9/27/15,1069,,3.94,-154.8,7.43,28.8,0
10/4/15,10/4/15,0.15,0.109,,,,,,,,,,,,,,,,,,,,10/4/15,1076,,3.81,-157.8,7.39,28.4,0
10/11/15,10/11/15,0.15,0.109,,,,,,,,,,,,,,,,,,,,10/11/15,1155,,3.7,-152.2,7.43,22.8,0
10/15/15,,,,10/15/15,7380,1920,2720,0.0213,0.0275,<0.0500,<0.0500,<0.100,52,0.217,<0.0200,228,,<1,0,0,52.2,0,,,,,,,,
10/18/15,10/18/15,0.15,0.101,,,,,,,,,,,,,,,,,,,,10/18/15,1090,,4.51,-118.3,7.35,23.5,0
10/25/15,10/25/15,0.15,0.125,,,,,,,,,,,,,,,,,,,,10/25/15,1117,,3.81,-134.4,7.3,20,0
11/1/15,11/1/15,0.15,0.109,,,,,,,,,,,,,,,,,,,,,,,,,,,
11/8/15,,,,,,,,,,,,,,,,,,,,,,,11/8/15,1110,,5.66,-108.8,7.48,19.6,0
11/10/15,,,,,,,,,,,,,,,,,,,,,,,11/10/15,0,,0,0,0,0,0
11/15/15,,,,,,,,,,,,,,,,,,,,,,,11/15/15,0,,0,0,0,0,0
11/18/15,,,,11/18/15,7860,2210,2800,0.0196,0.017,<0.0100,<0.0200,<0.0300,58.5,<0.0200,<0.0200,35,,<1,0,0,58.5,0,,,,,,,,
11/22/15,11/22/15,0.1,0.07,,,,,,,,,,,,,,,,,,,,,,,,,,,
11/24/15,,,,,,,,,,,,,,,,,,,,,,,11/24/15,1097,,6.21,-32.6,7.51,18.7,0
11/29/15,,,,,,,,,,,,,,,,,,,,,,,11/29/15,0,,0,0,0,0,0
12/6/15,12/6/15,0.1,0.062,,,,,,,,,,,,,,,,,,,,,,,,,,,
12/7/15,,,,,,,,,,,,,,,,,,,,,,,12/7/15,1091,,6.5,-41.2,7.49,17.2,0
12/16/15,,,,12/16/15,7800,2380,3010,0.0233,0.0193,0.0345,<0.00544,0.0207,34,0.0093,0.0913,53,,8,0,0,34,0,,,,,,,,
12/17/15,12/17/15,0.1,0.109,,,,,,,,,,,,,,,,,,,,12/17/15,1143,,6.31,-112.5,7.28,13.7,0
12/20/15,12/20/15,0.1,0.054,,,,,,,,,,,,,,,,,,,,12/23/15,1128,,6.28,-61.5,7.34,15.3,0
12/27/15,12/27/15,0.1,0.054,,,,,,,,,,,,,,,,,,,,,,,,,,,
12/30/15,,,,,,,,,,,,,,,,,,,,,,,12/30/15,1111,,7.54,20.2,7.43,12.6,0
1/3/16,1/3/16,0.1,0.062,,,,,,,,,,,,,,,,,,,,,,,,,,,
1/4/16,,,,,,,,,,,,,,,,,,,,,,,1/4/16,1104,,5.61,-49.9,7.38,15.1,0
1/11/16,1/11/16,0.45,0.234,,,,,,,,,,,,,,,,,,,,1/11/216,997,,4.01,-11.9,7.24,15.8,0
1/17/16,1/17/16,0.2,0.203,,,,,,,,,,,,,,,,,,,,,,,,,,,
1/22/16,,,,,,,,,,,,,,,,,,,,,,,1/22/16,948,,4.7,129.5,7.2,16.9,0
1/24/16,1/24/16,0.2,0.21,,,,,,,,,,,,,,,,,,,,,,,,,,,
1/27/16,,,,1/27/16,5060,1900,2200,0.0291,0.0154,0.0104,<0.00544,<0.00391,52.3,0.007,0.0086,32,,2,0,0,52.3,0,1/27/16,956,,5.02,11.3,7.3,15.8,0
1/31/16,1/31/16,0.2,0.195,,,,,,,,,,,,,,,,,,,,,,,,,,,
2/7/16,2/7/16,0.35,0.203,,,,,,,,,,,,,,,,,,,,2/7/16,1000,,5.94,-80.3,7.34,13.6,0
2/8/16,,,,,,,,,,,,,,,,,,,,,,,2/8/16,1060,,5.53,-46.1,7.36,17.6,0
2/17/16,2/17/16,0.35,0.203,,,,,,,,,,,,,,,,,,,,2/17/16,1060,,5.53,-46.1,7.36,17.6,0
2/18/16,,,,2/18/16,8080,2190,2480,0.0226,0.0201,<0.000811,0.0222,<0.00391,62.1,0.0114,<0.00311,26,,2,0,0,62.1,0,,,,,,,,
2/26/16,2/26/16,0.25,,,,,,,,,,,,,,,,,,,,,2/26/16,957,,5.21,-68.6,7.25,21.1,0
2/29/16,2/29/16,0.2,0.187,,,,,,,,,,,,,,,,,,,,2/29/16,988,,5.19,-142.9,7.36,20,0
3/6/16,,,,,,,,,,,,,,,,,,,,,,,3/6/16,1041,,4.37,-64.7,7.35,19.9,0
3/9/16,3/9/16,0.15,0.178,,,,,,,,,,,,,,,,,,,,,,,,,,,
3/13/16,3/13/16,0.15,0.203,,,,,,,,,,,,,,,,,,,,3/13/16,1036,,4.75,-38,7.34,20.5,0
3/17/16,,,,3/17/16,7600,2310,2620,0.0233,0.0188,0.0191,<0.00544,0.0084,77.4,0.0322,0.0134,26,,2,0,0,77.4,0,,,,,,,,
3/20/16,,,,,,,,,,,,,,,,,,,,,,,3/20/16,1038,,5.24,-15.5,7.34,20.3,0
3/23/16,3/23/16,0.2,0.25,,,,,,,,,,,,,,,,,,,,,,,,,,,
3/27/16,,,,,,,,,,,,,,,,,,,,,,,3/27/16,0,,0,0,0,0,0
4/3/16,,,,,,,,,,,,,,,,,,,,,,,4/3/16,1014,,4.9,-27,7.32,21.6,0
4/5/16,4/5/16,0.2,0.265,,,,,,,,,,,,,,,,,,,,,,,,,,,
4/10/16,4/10/16,0.175,0.281,,,,,,,,,,,,,,,,,,,,4/10/16,1124,,4.72,20.1,7.33,23.1,0
4/13/16,,,,4/13/16,8080,2180,2720,0.0197,0.0167,0.0419,<0.00544,0.209,65.6,0.192,0.0116,36,,1,0,0,65.8,0,,,,,,,,
4/17/16,,,,,,,,,,,,,,,,,,,,,,,4/17/16,0,,0,0,0,0,0
4/24/16,,,,,,,,,,,,,,,,,,,,,,,4/24/16,1087,,4.5,62.5,7.33,23.4,0
4/27/16,4/27/16,0.175,0.234,,,,,,,,,,,,,,,,,,,,,,,,,,,
5/1/16,,,,,,,,,,,,,,,,,,,,,,,5/1/16,1112,,4.05,-36.6,7.31,23.3,0
5/3/16,5/3/16,0.2,0.218,,,,,,,,,,,,,,,,,,,,,,,,,,,
5/8/16,,,,,,,,,,,,,,,,,,,,,,,5/8/16,1141,,4.29,19.5,7.32,24.4,0
5/11/16,5/11/16,0.2,0.234,,,,,,,,,,,,,,,,,,,,,,,,,,,
5/15/16,,,,,,,,,,,,,,,,,,,,,,,5/15/16,1146,,4.28,50.7,7.31,25.3,0
5/17/16,5/17/16,0.2,0.156,,,,,,,,,,,,,,,,,,,,,,,,,,,
5/18/16,,,,5/18/16,8060,1980,2670,0.0187,0.0126,0.00676,0.0225,0.0351,69.6,0.676,0.0179,42,,1,0,0,70.3,0,,,,,,,,
5/22/16,,,,,,,,,,,,,,,,,,,,,,,5/22/16,1253,,4.36,33.8,7.28,26.1,0
5/25/16,5/25/16,0.35,0.234,,,,,,,,,,,,,,,,,,,,,,,,,,,
5/29/16,,,,,,,,,,,,,,,,,,,,,,,5/29/16,1092,,2.85,-204,7.37,30.8,0
6/3/16,6/3/16,0.35,0.312,,,,,,,,,,,,,,,,,,,,,,,,,,,
6/5/16,,,,,,,,,,,,,,,,,,,,,,,6/5/16,1138,,5.33,22.3,7.52,27.9,0
6/8/16,6/8/16,0.2,0.093,,,,,,,,,,,,,,,,,,,,,,,,,,,
6/12/16,,,,,,,,,,,,,,,,,,,,,,,6/12/16,N/A,,N/A,N/A,N/A,N/A,0
6/15/16,,,,6/15/16,7840,2100,2870,0.0305,0.0154,<0.000811,0.0855,<0.00391,48.8,1.41,0.0053,11,,<1,0,0,50.2,0,,,,,,,,
6/17/16,6/17/16,0.15,0.015,,,,,,,,,,,,,,,,,,,,,,,,,,,
6/19/16,,,,,,,,,,,,,,,,,,,,,,,6/19/16,1155,,4.93,43.6,7.54,27.8,0
6/22/16,6/22/16,0.1,0.046,,,,,,,,,,,,,,,,,,,,,,,,,,,
6/26/16,,,,,,,,,,,,,,,,,,,,,,,6/26/16,1183,,4.56,53.2,7.58,29.2,0
6/30/16,6/30/16,0.1,0.062,,,,,,,,,,,,,,,,,,,,,,,,,,,
7/3/16,,,,,,,,,,,,,,,,,,,,,,,7/3/16,1292,,5.07,33.4,7.73,28,0
7/5/16,7/5/16,0.1,0.015,,,,,,,,,,,,,,,,,,,,,,,,,,,
7/10/16,,,,,,,,,,,,,,,,,,,,,,,7/10/16,1229,,4.62,-9.3,7.4,28.2,0
7/11/16,7/11/16,0.2,0.078,,,,,,,,,,,,,,,,,,,,,,,,,,,
7/14/16,,,,7/14/16,9060,2370,3260,0.0207,0.0053,<0.000811,0.0519,<0.00391,48.6,4.42,0.0193,48,,5,0,0,50,0,,,,,,,,
7/17/16,,,,,,,,,,,,,,,,,,,,,,,7/17/16,1199,,4.27,-19.3,7.3,29.2,0
7/18/16,7/18/16,0.2,0.109,,,,,,,,,,,,,,,,,,,,,,,,,,,
7/24/16,,,,,,,,,,,,,,,,,,,,,,,7/24/16,1200,,4.18,-63.9,7.32,29,0
7/26/16,7/26/16,0.2,0.156,,,,,,,,,,,,,,,,,,,,,,,,,,,
7/31/16,,,,,,,,,,,,,,,,,,,,,,,7/31/16,1203,,4.68,-50.6,7.39,27.4,0
8/1/16,8/1/16,0.2,0.187,,,,,,,,,,,,,,,,,,,,,,,,,,,
8/7/16,,,,,,,,,,,,,,,,,,,,,,,8/7/16,1171,,3.83,-75.5,7.29,28.7,0
8/8/16,8/8/16,0.2,0.218,,,,,,,,,,,,,,,,,,,,,,,,,,,
8/14/16,,,,,,,,,,,,,,,,,,,,,,,8/14/16,1197,,4.99,142.5,7.35,28.1,0
8/15/16,8/15/16,0.2,0.218,,,,,,,,,,,,,,,,,,,,,,,,,,,
8/18/16,,,,8/18/16,6040,2240,2720,0.0205,0.0142,<0.000811,<0.00544,<0.00391,44.3,2.29,0.0107,28,,3,0,0,46.6,0,,,,,,,,
8/21/16,,,,,,,,,,,,,,,,,,,,,,,8/21/16,1090,,4.36,-116.3,7.39,26.9,0
8/24/16,8/24/16,0.2,0.101,,,,,,,,,,,,,,,,,,,,,,,,,,,
8/28/16,,,,,,,,,,,,,,,,,,,,,,,8/28/16,1070,,5.9,-95.1,7.53,25,0
8/29/16,8/29/16,0.2,0.109,,,,,,,,,,,,,,,,,,,,,,,,,,,
9/4/16,,,,,,,,,,,,,,,,,,,,,,,9/4/16,1017,,5.42,-88.4,7.44,26.7,0
9/7/16,9/7/16,0.2,0.14,,,,,,,,,,,,,,,,,,,,,,,,,,,
9/11/16,,,,,,,,,,,,,,,,,,,,,,,9/11/16,1026,,4.19,-97.8,7.34,28.7,0
9/12/16,9/12/16,0.2,0.14,,,,,,,,,,,,,,,,,,,,,,,,,,,
9/18/16,,,,,,,,,,,,,,,,,,,,,,,9/18/16,1054,,5.71,-80,7.49,25.9,0
9/19/16,,,,9/19/16,7620,2060,2690,0.0265,0.00904,0.01,0.0296,0.838,59.5,0.0899,0.0186,42,,8,0,0,59.6,0,,,,,,,,
9/22/16,9/22/16,0.1,0.078,,,,,,,,,,,,,,,,,,,,,,,,,,,
9/25/16,,,,,,,,,,,,,,,,,,,,,,,9/25/16,1109,,6.27,-67.3,7.53,23.2,0
9/26/16,9/26/16,0.1,0.062,,,,,,,,,,,,,,,,,,,,,,,,,,,
10/2/16,,,,,,,,,,,,,,,,,,,,,,,10/2/16,1067,,6.42,-20.8,7.54,22.6,0
10/4/16,10/4/16,0.1,0.054,,,,,,,,,,,,,,,,,,,,,,,,,,,
10/4/16,10/4/16,0.1,0.046,,,,,,,,,,,,,,,,,,,,,,,,,,,
10/9/16,,,,,,,,,,,,,,,,,,,,,,,10/9/16,1079,,6.93,-70.5,7.62,21.9,0
10/16/16,,,,,,,,,,,,,,,,,,,,,,,10/16/16,1154,,2.32,-263,7.09,21.9,0
10/18/16,10/18/16,0.1,0.039,,,,,,,,,,,,,,,,,,,,,,,,,,,
10/20/16,,,,10/20/16,6300,1690,2850,0.0216,0.00792,0.0546,0.0191,<0.00391,45.1,0.0933,<0.00311,81,,15,0,0,45.2,0,,,,,,,,
10/23/16,,,,,,,,,,,,,,,,,,,,,,,10/23/16,1080,,6.63,-18.7,7.61,22.1,0
10/24/16,10/24/16,0.1,0.039,,,,,,,,,,,,,,,,,,,,,,,,,,,
10/30/16,,,,,,,,,,,,,,,,,,,,,,,10/30/16,1090,,4.36,-116.3,7.39,26.9,0
10/31/16,10/31/16,0.2,0.101,,,,,,,,,,,,,,,,,,,,,,,,,,,
11/6/16,,,,,,,,,,,,,,,,,,,,,,,11/6/16,0,,0,0,0,0,0
11/13/16,,,,,,,,,,,,,,,,,,,,,,,11/13/16,1073,,5.8,0.3,7.45,18.3,0
11/14/16,11/14/16,0.1,0.078,,,,,,,,,,,,,,,,,,,,,,,,,,,
11/17/16,,,,11/17/16,6660,1820,2690,0.0166,0.011,0.00338,0.0362,<0.00391,48.2,0.0368,0.0091,40,,1,0,0,48.2,0,,,,,,,,
11/20/16,,,,,,,,,,,,,,,,,,,,,,,11/20/16,1189,,6.74,-15.3,7.46,19.4,0
11/22/16,11/22/16,0.1,0.062,,,,,,,,,,,,,,,,,,,,,,,,,,,
11/27/16,,,,,,,,,,,,,,,,,,,,,,,11/27/16,0,,0,0,0,0,0
12/1/16,12/1/16,0.1,0.062,,,,,,,,,,,,,,,,,,,,,,,,,,,
12/4/16,,,,,,,,,,,,,,,,,,,,,,,12/4/16,1049,,6.94,-9,7.54,16.4,0
12/6/16,12/6/16,0.1,0.078,,,,,,,,,,,,,,,,,,,,,,,,,,,
12/11/16,,,,,,,,,,,,,,,,,,,,,,,12/11/16,1069,,5.7,-18.5,7.43,14.7,0
12/15/16,,,,12/15/16,7540,1710,2460,0.0178,0.0122,0.0267,0.0396,<0.00391,56.3,<0.0100,0.0061,43,,10,0,0,56.3,0,,,,,,,,
12/16/16,12/16/16,0.1,0.031,,,,,,,,,,,,,,,,,,,,,,,,,,,
12/18/16,,,,,,,,,,,,,,,,,,,,,,,12/18/16,10.47,,6.5,-34.2,7.54,15.5,0
12/20/16,12/20/16,0.2,0.3125,,,,,,,,,,,,,,,,,,,,,,,,,,,
12/25/16,,,,,,,,,,,,,,,,,,,,,,,12/25/16,10.26,,6.13,-5.4,7.43,14.5,0
12/28/16,12/28/16,0.1,0.062,,,,,,,,,,,,,,,,,,,,,,,,,,,
1/1/17,,,,,,,,,,,,,,,,,,,,,,,1/1/17,1092,,7.86,30.8,7.56,13.8,0
1/4/17,1/4/17,0.1,0.039,,,,,,,,,,,,,,,,,,,,,,,,,,,
1/8/17,,,,1/8/17,6380,1650,2270,0.0145,0.0161,0.029,<0.00544,0.0897,74.9,0.0961,<0.00311,29,,<1,<0.000187,2.48,75,1.6,1/8/17,1072,,7.27,9,7.51,16,0
1/10/17,1/10/17,0.1,0.031,,,,,,,,,,,,,,,,,,,,,,,,,,,
1/15/17,,,,,,,,,,,,,,,,,,,,,,,1/15/17,1050,,7.74,15.1,7.54,13.3,0
1/18/17,1/18/17,0.1,0.07,,,,,,,,,,,,,,,,,,,,,,,,,,,
1/22/17,,,,,,,,,,,,,,,,,,,,,,,1/22/17,1041,,6.25,-14.1,7.45,15.6,0
1/29/17,,,,,,,,,,,,,,,,,,,,,,,1/29/17,1039,,8.63,28,7.63,10.9,0
1/30/17,1/30/17,0.1,0.031,,,,,,,,,,,,,,,,,,,,,,,,,,,
2/5/17,,,,,,,,,,,,,,,,,,,,,,,2/5/17,1018,,7.77,84.8,7.61,15.1,0
2/8/17,2/8/17,0.1,0.031,,,,,,,,,,,,,,,,,,,,,,,,,,,
2/12/17,,,,,,,,,,,,,,,,,,,,,,,2/12/17,1017,,5.68,-1.4,7.37,17.3,0
2/13/17,2/13/17,0.1,0.062,,,,,,,,,,,,,,,,,,,,,,,,,,,
2/19/17,,,,,,,,,,,,,,,,,,,,,,,2/19/17,1040,,6.26,36.1,7.46,16.5,0
2/21/17,2/21/17,0.1,0.125,2/21/17,6020,1760,2490,0.0183,0.013,<0.000811,0.0138,<0.00391,61.8,<0.0100,0.0161,41,,50,<0.000187,4.93,61.8,1.6,,,,,,,,
2/26/17,,,,,,,,,,,,,,,,,,,,,,,2/26/17,994,,6.66,-12.1,7.45,16.6,0
2/27/17,2/27/17,0.1,0.054,,,,,,,,,,,,,,,,,,,,,,,,,,,
3/5/17,,,,,,,,,,,,,,,,,,,,,,,3/5/17,1021,,7.96,48.8,7.62,17,0
3/12/17,,,,,,,,,,,,,,,,,,,,,,,3/12/17,1028,,6.93,81.8,7.53,18.8,0
3/13/17,3/13/17,0.1,0.046,,,,,,,,,,,,,,,,,,,,,,,,,,,
3/17/17,3/17/17,0.1,0.046,,,,,,,,,,,,,,,,,,,,,,,,,,,
3/19/17,,,,,,,,,,,,,,,,,,,,,,,3/19/17,1046,,4.77,152.1,7.29,22.4,0
3/21/17,3/21/17,0.1,0.078,,,,,,,,,,,,,,,,,,,,,,,,,,,
3/26/17,,,,,,,,,,,,,,,,,,,,,,,3/26/17,1032,,5.72,127.7,7.31,20.3,0
3/29/17,3/29/17,0.1,0.07,,,,,,,,,,,,,,,,,,,,,,,,,,,
3/30/17,,,,3/30/17,7240,1830,2520,0.0171,0.0106,0.00419,<0.00544,0.0191,36.1,0.0152,0.06,27,,1,<0.000187,3.3,36.1,<0.0600,,,,,,,,
4/2/17,,,,,,,,,,,,,,,,,,,,,,,4/2/17,1026,,4.84,22.5,7.37,20.5,0
4/3/17,4/3/17,0.1,0.085,,,,,,,,,,,,,,,,,,,,,,,,,,,
4/9/17,,,,,,,,,,,,,,,,,,,,,,,4/9/17,1024,,5.69,54.6,7.46,20.1,0
4/10/17,4/10/17,0.1,0.078,,,,,,,,,,,,,,,,,,,,,,,,,,,
4/13/17,,,,4/13/17,7520,1790,2450,0.0205,0.0137,<0.000811,<0.00544,0.00812,66.4,0.029,0.0107,29,,<1,<0.000187,2.9,66.4,<0.0600,,,,,,,,
4/16/17,,,,,,,,,,,,,,,,,,,,,,,4/16/17,1019,,5.9,8.9,7.48,22.2,0
4/17/17,4/17/17,0.1,0.156,,,,,,,,,,,,,,,,,,,,,,,,,,,
4/23/17,,,,,,,,,,,,,,,,,,,,,,,4/23/17,1062,,5.11,-159.4,7.46,24.9,0
4/24/17,4/24/17,0.1,0.062,,,,,,,,,,,,,,,,,,,,,,,,,,,
4/30/17,,,,,,,,,,,,,,,,,,,,,,,4/30/17,1077,,5.91,-13.4,7.45,22.3,0
5/1/17,5/1/17,0.1,0.062,,,,,,,,,,,,,,,,,,,,,,,,,,,
5/7/17,,,,,,,,,,,,,,,,,,,,,,,5/7/17,1093,,5.92,-101.4,7.46,21.8,0
5/8/17,5/8/17,0.1,0.046,,,,,,,,,,,,,,,,,,,,,,,,,,,
5/8/17,,,,,,,,,,,,,,,,,,,,,,,5/8/17,1091,,6.03,-86.2,7.47,23.2,0
5/14/17,,,,,,,,,,,,,,,,,,,,,,,5/14/17,1093,,5.92,-101.4,7.46,21.8,0
5/15/17,5/15/17,0.1,0.046,,,,,,,,,,,,,,,,,,,,5/15/17,1091,,6.03,-86.2,7.47,23.2,0
5/18/17,,,,5/18/17,7380,1900,2640,0.016,0.009,0.00866,<0.00544,<0.00391,82.4,0.0915,<0.00311,37,,2,<0.000187,5.02,82.5,<0.0600,,,,,,,,
5/22/17,5/22/17,0.1,0.046,,,,,,,,,,,,,,,,,,,,5/22/17,1071,,6.51,-49.4,7.66,24,0
5/28/17,5/28/17,0.1,0.062,,,,,,,,,,,,,,,,,,,,,,,,,,,
5/31/17,,,,,,,,,,,,,,,,,,,,,,,5/31/17,1171,,6.09,-36.8,7.67,27.2,0
6/4/17,6/4/17,0.1,0.156,,,,,,,,,,,,,,,,,,,,,,,,,,,
6/5/17,,,,,,,,,,,,,,,,,,,,,,,6/5/17,1101,,6.04,-64.2,7.58,25.6,0
6/11/17,6/11/17,0.1,0.031,,,,,,,,,,,,,,,,,,,,,,,,,,,
6/13/17,,,,,,,,,,,,,,,,,,,,,,,6/13/17,1181,,5.87,-55.8,7.64,29.1,0
6/18/17,6/18/17,0.25,0.031,,,,,,,,,,,,,,,,,,,,,,,,,,,
6/19/17,,,,,,,,,,,,,,,,,,,,,,,6/19/17,1153,,6.21,-78.7,7.69,24.4,0
6/22/17,,,,6/22/17,8080,2000,2840,0.0199,0.00892,<0.000811,<0.00544,<0.00391,53,0.505,0.0113,<3.36,,1,<0.000187,1.69,53.5,<0.0600,,,,,,,,
6/25/17,6/25/17,0.25,0.25,,,,,,,,,,,,,,,,,,,,,,,,,,,
6/26/17,,,,,,,,,,,,,,,,,,,,,,,6/26/17,1160,,3.52,-130,7.18,28.1,0
7/2/17,7/2/17,0.3,0.218,,,,,,,,,,,,,,,,,,,,,,,,,,,
7/5/17,,,,,,,,,,,,,,,,,,,,,,,7/5/17,1119,,3.23,-109.2,7.17,28.5,0
7/9/17,7/9/17,0.3,0.226,,,,,,,,,,,,,,,,,,,,,,,,,,,
7/11/17,,,,,,,,,,,,,,,,,,,,,,,7/11/17,1096,,3.4,-124.1,7.17,30,0
7/16/17,7/16/17,0.15,0.187,,,,,,,,,,,,,,,,,,,,,,,,,,,
7/18/17,,,,,,,,,,,,,,,,,,,,,,,7/18/17,1259,,3.64,-95.5,7.17,27.5,0
7/20/17,,,,7/20/17,8140,2160,3130,0.0212,0.0128,0.00419,<0.00544,<0.00391,50.9,0.889,0.0074,25,,0,<0.000187,2.52,51.8,<0.0600,,,,,,,,
7/26/17,,,,,,,,,,,,,,,,,,,,,,,7/26/17,1176,,4.14,-102.7,7.29,26.8,0
7/23/17,7/23/17,0.15,0.171,,,,,,,,,,,,,,,,,,,,,,,,,,,
7/30/17,7/30/17,0.15,0.156,,,,,,,,,,,,,,,,,,,,,,,,,,,
7/31/17,,,,,,,,,,,,,,,,,,,,,,,7/31/17,1143,,4.38,-68.3,7.31,29.7,0
8/6/17,8/6/17,0.15,0.156,,,,,,,,,,,,,,,,,,,,,,,,,,,
8/7/17,,,,,,,,,,,,,,,,,,,,,,,8/7/17,1126,,5.46,-126.9,7.36,26,0
8/13/17,8/13/17,0.15,0.156,,,,,,,,,,,,,,,,,,,,,,,,,,,
8/15/17,,,,,,,,,,,,,,,,,,,,,,,8/15/17,1119,,4.97,-124.3,7.41,25.8,0
8/20/17,8/20/17,0.15,0.14,,,,,,,,,,,,,,,,,,,,,,,,,,,
8/23/17,,,,,,,,,,,,,,,,,,,,,,,8/23/17,1114,,4.32,-139.1,7.36,28.4,0
8/27/17,8/27/17,0.15,0.14,,,,,,,,,,,,,,,,,,,,,,,,,,,
8/28/17,,,,,,,,,,,,,,,,,,,,,,,8/28/17,1111,,5.11,-61.6,7.44,23.5,0
9/3/17,9/3/17,0.15,0.14,,,,,,,,,,,,,,,,,,,,,,,,,,,
9/7/17,,,,,,,,,,,,,,,,,,,,,,,9/7/17,1108,,4.9,-131.5,7.39,26.6,0
9/10/17,9/10/17,0.15,0.14,,,,,,,,,,,,,,,,,,,,,,,,,,,
9/11/17,,,,,,,,,,,,,,,,,,,,,,,9/11/17,1114,,4.8,-94.4,7.43,26.6,0
9/17/17,9/17/17,0.15,0.14,,,,,,,,,,,,,,,,,,,,,,,,,,,
9/19/17,,,,,,,,,,,,,,,,,,,,,,,9/19/17,1114,,5.09,-114,7.44,23.9,0
,,,,,,,,,,,,,,,,,,,,,,,,,,,,,,